name,category,location,rating,services
The Red Castle,catering,"6 2nd Alley, Sanmin Street, Tamsui District, , Tamsui Dist., New Taipei City Taiwán, R.O.C",0,"Coffee and Fine Dining in a Colonial BuildingThe Red Castle is over 100 years old. It was built in 1899 and used to belong to shipping company millionaire Yi Lee. In 2000, it was refitted to become a restaurant. The exterior is built with red bricks and arched corridors. This is the building’s unique structure."
Feng Hua Restaurant,catering,"No.209, Sec. 2, Shuangshi Rd., ,  220, Taiwan, Banqiao Dist., New Taipei City Taiwán, R.O.C",0,"With clean and quiet environment, modern and Zen style, the restaurant mainly offers Jiangsu and Zhejiang Cuisine. The famous food are Baked Shallot Chop, Wuxi Chop, Radish Beef and others. You would never want to miss the surprised daily cold meats."
Hong Kong Chen's gruel and noodle.,catering,"No.46, Zhulin Rd., ,  234, Taiwan, Yonghe Dist., New Taipei City Taiwán, R.O.C",0,"Standard Hong Kong style gruel, boil with smal fire for more than 4 hours until the rice becomes soft, and more than 10 kinds of tastes You may enjoy every minute as you eat."
Zhening Jia Garden Restaurant,catering,"No.70, Sec. 1, Zhongshan Rd., ,  252, Taiwan, Sanzhi Dist., New Taipei City Taiwán, R.O.C",0,The owner has over 30 years of experience preparing authentic Zhejiang and Ningbo dishes. His expertise creates delicious dishes that one will always remember.
Fu Zhou Lin Pepper Bun,catering,"Minsheng St. (inside the Food Street), Ruifang Dist., New Taipei City Taiwán, R.O.C",0,"Legend has it that Fu Zhou China's ""Green onion meat bun"" is actually the ancestor of Taiwan's famous pepper bun, and that explains why Taiwan's pepper buns are filled with large quantities of green onions."
China Spice,catering,"2nd Floor, No. 1 Section, Wenhua 3rd Road, Linkou District, , Linkou Dist., New Taipei City Taiwán, R.O.C",0,Serving traditional Jiang-Nan and a perfect mixture with local cuisine using only the freshest product to produce a mix of indulgent authentic favourites as well as exciting Chinese fusion dishes.
Weng Meiyu Malt,catering,"Number 128 Sinjhuang Road, , New Taipei, Xinzhuang Dist., New Taipei City Taiwán, R.O.C",0,"The molasses melts in your mouth and the sugary malt aroma holds on the palate for a long time, bringing back childhood memories with the candy. The boss of Weng Meiyu uses traditional method to  create  each  and  every  batch."
Osmanthus Farm,catering,"No.4, Xinxingkeng, , , Shiding Dist., New Taipei City Taiwán, R.O.C",0,"Special Recommendations: Preserved Osmanthus Petals in Ice Sugar, Lotus Root in Preserved Sweet Osmanthus Petals"
Sanzhi Pigs Light Meal Restaurant,catering,"No.58-8, Kanzijiao, ,  253, Taiwan, Shimen Dist., New Taipei City Taiwán, R.O.C",0,"Sanzhi Pigs ran from Sanzhi to Shimen, with cute pig bottoms on the counters. You can also find popular freshly baked cheesecake and toast here."
Jiuliaopo Ranch green tea rice,catering,"No.226, Sec. 1, Dingping Rd., Shihding Dist.,  22342, Taiwan , Shiding Dist., New Taipei City Taiwán, R.O.C",0,"To taste this dish, you need to add green tea seed oil into freshly made rice and blend well. The taste has a tea fragrance and it is not greasy."
Flower fairy cafe',catering,"No.53, Guanhai Bivd., Bali Dist  249, Taiwan, Bali Dist., New Taipei City Taiwán, R.O.C",0,A large painting by Van Gogh hung on the wall will come into your eyes as soon as you enter the cafe decorated with European style. The dishes offered are a combination of Taiwan ans European styles. It is a good place for relaxation.
Jinshan Duck Meat,catering,"No. 104, jinbauli St., ,  208, Taiwan, Jinshan Dist., New Taipei City Taiwán, R.O.C",0,The owner insists on using mature ducks farmed for 130 days and demands the preservation of its original flavor in the process of cooking. The ducks sold here are all freshly killed and sold. The delicious duck meat is impressive and memorable.
Baoyun Taro Balls shop,catering,"No.8, Rueifang St., Rueifang Dist.,  22441, Taiwan, Ruifang Dist., New Taipei City Taiwán, R.O.C",0,"Recommended ProductsTofu pudding with taro balls, herbal jelly pudding with taro balls, fresh milk with tofu pudding, tian bu laBaoyun is the name of a 97-year-old grandma who still possesses the beautiful traits of a traditional Taiwanese woman."
Feng Wei Pork thick soup,catering,"Minsheng St., , , Ruifang Dist., New Taipei City Taiwán, R.O.C",0,"Towards the end of the 1960's, Ruifang and the nearby Houtong area were prosperous mining towns. The 1st-generation boss of ""Feng Wei Pork thick soup"" came from Sandiaoling and decided to settle down in Ruifang. Utilizing his culinary skills garnered from a stint in a big city hotel, he saw the potential of pork thick soup in the Ruifang market."
Liao Mucheng Century-Old Shop One-Bite Cake,catering,"No.129, Jishan St., Rueifang Dist.,  22448, Taiwan, Ruifang Dist., New Taipei City Taiwán, R.O.C",0,"Recommended ProductsDifferent flavors of one-bite cakes and spring field pizza (available in winter only)The one-bite cake has different names in Chinese, including cake dumpling, dragon cake, or mille feuille (one thousand layers). It is a kind of moon cake-like Taiwanese cake with either sweet or salty stuffing."
Fuchang Shop(Tea Leaf pork meatball Soup),catering,"No.18, Pinglin St., , , Pinglin Dist., New Taipei City Taiwán, R.O.C",0,"Another Pinglin specialty is tea leaf pork meatball soup. First, the tea leaves used areis selected and grounded into a fine powder, then it is added to top quality minced pork. Aficionados say the two ingredients make a perfect pair. The finished tea leaf pork meatballs have a unique texture that is crispy and springy, and the taste is more refreshing and less oily than traditional pork..."
Mountain Legends,catering,"No.51, Fengge St., ,  222, Taiwan, Shenkeng Dist., New Taipei City Taiwán, R.O.C",0,"Culinary art knows no boundaries. It is an ulimate enjoyment to savor delicious dishes in the natural environment of Shenkeng. Steaks, BBQ, buﬀets or outdoor karaoke and party food are all the delicacies to please the eyes and mouths."
Jinshan Chongyu Restaurant,catering,"No.203, Zhongshcn Rd., ,  208, Taiwan, Jinshan Dist., New Taipei City Taiwán, R.O.C",0,"The first rolled pastry and meat pastry shop on Jinshan Street, this restaurant offers juicy pork and beef pastries, a delicacy widely acclaimed by those who have tasted it. The specially made salted chicken, pickled cabbage, and ferns are all very tasty as well."
Yingge Xiangxiang Dumpling Shop,catering,"No.37 Nanya Rd., ,  239 Taiwan, Yingge Dist., New Taipei City Taiwán, R.O.C",0,"The big, delicious handmade dumplings here are ﬁlled with fresh leeks and pork.："
She's Green Mussel,catering,"No.22, Duchuantou St., ,  249, Taiwan, Bali Dist., New Taipei City Taiwán, R.O.C",0,The store has a history of 20 years. Green Mussel and various seashell food and other dishes are served for your choice.Green Mussel and friend beef with onion are specially recommeded.
Juisanfuli Restaurant,catering,"No. 45 Houtong Road, Houtong Borough, Ruifang District, , Ruifang Dist., New Taipei City Taiwán, R.O.C",0,"Recommended ProductsSesame Chicken, Steamed Silky Fowl, Fujian Shark’s Fin Soup (Buddha Jumps Over the Wall), and Winter Melon Soup with ScallopAs to what the restaurant's name suggests, it was the employee's restaurant of Juisan Mining. During the Japanese colonial period, it was called Juisan Dining Hall. After the restoration of Taiwanese rule, it was renamed as Juisanfuli Restaurant."
Baoan Medicine,catering,"89 Zhongzheng Road, Tamsui District, , Tamsui Dist., New Taipei City Taiwán, R.O.C",0,"Three Generations of Herbal MedicineWalking  along  Tamsui Old Street, there is a shop filled with herbal medicine and  Buddhist  statues.  This  is the  100-year-old  Baoan  Medicine shop,which has been run for three generations. It is known as being the oldest medicine shop in Tamsui and Bali. They use decent materials to make health drinks."
New Harbor Sea Food,catering,"No.60, Xingang St., ,  228, Taiwan, Gongliao Dist., New Taipei City Taiwán, R.O.C",0,"Over 40 years old, New Harbor Sea Food is one of the oldest restaurants in AoDi. Constantly introducing new dishes, the restaurant is highly popular. Sweet-and-sour eels and stirred-fried abalones are both signature dishes."
Red Vermicelli,catering,"No. 22-5, Section 1, Baoan Street, Shulin District, , Shulin Dist., New Taipei City Taiwán, R.O.C",0,"Handmade, colorful darker shade noodles are heated then carefully boiled so they remain firm, and simmered, braised chitterling is added that leaves people coming back for more."
Shifang Tea Cuisine,catering,"No. 92, Shuiliujiao Rd., ,  232, Taiwan, Pinglin Dist., New Taipei City Taiwán, R.O.C",0,The owner uses the zen-style of Japan’s Kaiseki cuisine in the dishes oﬀered in the store. There are over a hundred dishes that change with the seasons for the tourists to choose from.
Tofu & Old Mansion,catering,"No.140, Shenkeng St., ,  222, Taiwan, Shenkeng Dist., New Taipei City Taiwán, R.O.C",0,"There are many posters of old Taiwanese movies and newspaper clips on the wall. This nostalgic restaurant oﬀers a clean and bright environment. The signature dishes are Beef & Sinky Tofu, Spicy Duck Blood Tofu Soup and braised bamboo shoots cooked with chicken broth and pork."
Fu Gu Beef Noodles,catering,"No.21, Minsheng St., , , Ruifang Dist., New Taipei City Taiwán, R.O.C",0,"If the number of customers in a shop is an indication of the shop's popularity, then any shop that has customers ""anytime"" or ""always"" must be considered a good shop. Right around the corner in front of Rui Fang Train Station, there stands a three-window storefront. The store is always teeming with customers slurping the store's famous beef noodles."
Gao's Fried Fresh Squid,catering,"No.28, Gongkou Street, , , Banqiao Dist., New Taipei City Taiwán, R.O.C",0,"A full bowl of fried fresh squid contains only two simple food ingredients, cabbage and squid; the aromatic fried cabbage has a crunchy texture and tastes sweet as well as the well-processed squid is crusty and chewy. Mixed with 4 seasonings, sour, sweet, salty, and spicy, the simple bowl of squid becomes very special."
Fumei Croissant Bakery,catering,"No. 25 Sinyi Street, Sanxia Town, Taipei County, Sanxia Dist., New Taipei City Taiwán, R.O.C",0,"The bona fide gift item to bring back from a trip to Sanxia is dozen or so Croissant (literally in Mandarin ""bull horns""). Tucked away in a lonely little alcove of Sanxia Market is Fumei Croissant Bakery-the ﬁrst shop to create the recipe for ""golden croissants"". They have a tender middle and a crispy exterior and taste buttery and by that virtue sell so well."
Yaomei Agricultural Product Shop,catering,"No.146, Jishan St., ,  224, Taiwan, Ruifang Dist., New Taipei City Taiwán, R.O.C",0,"Recommended ProductsAlishan High-Mountain Tea, Handmade NougatA few steps from the intersection of Shuqi Road and Jishan Street, there is a log signboard reading (Yao Mei A Li Shan Wu Long Cha), Jiufen Yaomei Agricultural Product Shop. When turning to the other side of the signborad, a small aluminum doorplate from grandpa's time is spotted."
Wu Mama Handmade Dumplings,catering,"Floor 2, No. 212, Chuanxing Road, Taishan District, , Taishan Dist., New Taipei City Taiwán, R.O.C",0,"When you visit Taishan you can find many inexpensive snacks. Although most are common, their preparation requires meticulous care. One well-known stand that serves fresh dumplings fitting this description is located on the second floor of the Taishan Public Market. The dumplings are highly praised, and customers often buy many boxes at a time."
Jiufen Food Quiz Shop,catering,"No. 106, Jishan St., ,  224, Taiwan, Ruifang Dist., New Taipei City Taiwán, R.O.C",0,"Recommended Productsfirst stinky tofu shop in Jiufen, bamboo rice, Taiwanese proverbsJiufen Food Quiz Shop was the first stinky tofu shop ever in Jiufen. Dozens of Taiwanese proverbs are posted on the walls as a way for customers to learn more about traditional Taiwanese wisdom."
Pizza Olmo,catering,"No.46, Zhibo Rd., ,  252, Taiwan, Sanzhi Dist., New Taipei City Taiwán, R.O.C",0,"The secret to wood-smoked pizza is the kiln built by the owner himself, with longan wood as fuel. The fruit scent add to the taste and crunchiness of pizza."
Lee Noodles,catering,"No. 404 Jinsin Street, Zhonghe  Dis t.,  New Taipei  City, Zhonghe Dist., New Taipei City Taiwán, R.O.C",0,"Take a left turn after you head out of Lane 410 and you'll see Lee Noodles about 50 m down the road. They are known for the way they cut the noodles. As they busily prepare the meals, you can see how the division of labor works. Some prepare ingredients, some cut them and some stir fry them."
A-Po Sashimi,catering,"No. 63 Zhongjheng First Road, Yingge Town, Taipei County, Yingge Dist., New Taipei City Taiwán, R.O.C",0,"A-Po Sashimi is a representative of the finest seafood available in Yingge. The place is always packed causing trafﬁc jams in Zhongjheng First Road. There is not a lot of variety on the menu with items such as Taiwanese style sashimi rolls that go well with a bowl of fresh miso soup. If that is not enough to eat, you can add some snack plates and refreshing chilled noodles."
Ching Ching Restaurant,catering,"No.6, Sec. 3, Zhongyang Rd., , , Tucheng Dist., New Taipei City Taiwán, R.O.C",0,"Chef’s Specials: Shrimp Cake, Tomato Soup in Pork Rib Broth"
Shiding Lindera Sausages,catering,"No.6, Xiahengping, ,  223, Taiwan, Shiding Dist., New Taipei City Taiwán, R.O.C",0,"“Lindera” is a kind of wild pepper spice. Hind leg meat of black pigs is used for a  ﬁrm taste, and the light lemon scent has a bit of lemongrass and ginger."
Old Friends Sweet Taro Ball,catering,"No. 4-3, Jishan St., , , Ruifang Dist., New Taipei City Taiwán, R.O.C",0,"Recommended Productshandmade sweet taro ball, ginger tea sweet taro ball, mountain yam sweet taro ball, green tea sweet taro ballThere is a prominent yellow signboard which reads ""Old Friends Sweet Taro Balls"" not far from the entrance of Jishan Old Street (Jiudaoko), approximately 20 meters to the right.The Old Friends Sweet Taro Ball was founded in 1990."
De-li Service Station(Soy-Stewed Pork Knuckles),catering,"No.140, Shuiliujiao Road, , , Pinglin Dist., New Taipei City Taiwán, R.O.C",0,"Pinglin is a popular destination for cyclists and walkers because it offers a great environment for outdoor activities. When people are done with these exercises, they need good tasting food that can replenish their lost energy and fill their appetite. At moments like these, Soy-Stewed Pork Knuckle is a dish that cannot be missed."
“Healthful＂ crisp roll,catering,"No.19, Touqian Rd., ,  242, Taiwan, Xinzhuang Dist., New Taipei City Taiwán, R.O.C",0,The owner of this shop tasted the custard crisp roll by accident when he was abroad. Since then he couldn't forget the taste. Then he began to do some research and invented the delicious “Healthful” crisp roll. There are six ﬂavors; people just couldn't help eaing one by one because it is so delicious.
Camellia Village herbal ice cream,catering,"No.67, Meizhuxi, ,  227, Taiwan, Shuangxi Dist., New Taipei City Taiwán, R.O.C",0,"Four ﬂavors of herbal ice cream are provided for the customers to choose from: ginger  ﬂower, lavender, sunﬂower and rosemary."
Xiaode Zhang Niuweng Mutton stove,catering,"No.89, Sec. 1, Zhongshan Rd., ,  234, Taiwan, Yonghe Dist., New Taipei City Taiwán, R.O.C",0,"Chip mutton into small pieces, add red date, medlar and other 28 Chinese herbs, and stew with charcoal fire for more than 2 hours. The soup is sweet and nutritious; the mutton is tender and inexhaustible after taste."
Original Flavor Sesame Chicken,catering,"No. 56-3 Zhongyang North Road, Sanchong District, Taipei County, Sanchong Dist., New Taipei City Taiwán, R.O.C",0,"If you were to compare all the fine snack foods of Sanchong, no doubtthe sesame oil chicken would be on the top of the list. Original Flavor Sesame Chicken are prepared every afternoon, but it isn’t merely the freshness that wins favor, but also the price, which is more reasonable than similar shops."
Taishan Li’s pepper pie shop,catering,"No.216, Sec. 2, Tailin Rd., ,  243, Taiwan, Taishan Dist., New Taipei City Taiwán, R.O.C",0,"The shop is very small with only 6-7 square meters. The two big jars for baking the pepper pie are made by hand by the boss himself with volcanic earth. The pepper pie has a taste of crisp, but is not greasy with very thin skin and big meat stuffing. The stuffing is made of pig’s fresh rear leg meat plus green onion, pepper and fragrance made by private secrete formula."
Jinshan Temple Gate Ice City,catering,"No.94, jinbauli St., ,  208,Taiwan, Jinshan Dist., New Taipei City Taiwán, R.O.C",0,"The owner has worked very hard to develop new products. He is concerned about the selection of ingredients and believes in the business principle of making and selling fresh items. There are dozens of ice dishes, among which the ""fluffy ice"" is most loved by customers."
Yongbo Garbage Noodles,catering,"No. 157, Zhongzheng First Road, Yingge District, , Yingge Dist., New Taipei City Taiwán, R.O.C",0,"One of the most unusual places to eat in Yingge is at an inexpensive restaurant well-known among locals, Yongbo Garbage Noodles. The strange name of these noodles comes from the turbid nature of the soup base, which is made by simmering pork bone and then adding a special spicy oil."
Sanzhi Happy Pig Bakery,catering,"No.27, Puwei, ,  252, Taiwan, Sanzhi Dist., New Taipei City Taiwán, R.O.C",0,"In the bakery are many pig decoraions, even the exterior of the counter hasconcrete pig botoms. The bakery uses imported cream, cheese, buter, and ﬂourto make breads and cakes with a true sense of happiness."
Chen’s Tofu Dessert,catering,"Mon. ~ Fri. 10:00-17:00 /Weekend 09:30-18:30, Shiding Dist., New Taipei City Taiwán, R.O.C",0,"The tofu desserts here use Wang’s Tofu as the main ingredient, which include products such as tofu ice cream, tofu cake, tofu cheese, and tofu pudding. Various fragrant and delicious tofu desserts can be found here.："
Tea Country Garden,catering,"No. 90, Shuiliujiao Rd., ,  232, Taiwan, Pinglin Dist., New Taipei City Taiwán, R.O.C",0,"This place offers many kinds of tea snacks, and this is also Pinglin’s biggest tea snack shop that produces items such as tea egg rolls, teacakes, square tea biscuits, tea cakes, and tea candies.Tea Leaf Egg RollsCooking in Pinglin often involves infusing traditional dishes with local tea, which makes the food particularly popular among tourists who want to try something new."
Tofu Ice Cream,catering,"No.48, Shenkeng St., ,  222, Taiwan, Shenkeng Dist., New Taipei City Taiwán, R.O.C",0,"Dexing Residence is the inventor of tofu ice cream. With a slight touch of scorching aroma, tofu ice cream is creamy and smooth. It comes with a variety of ﬂavors, while tofu, caramel and sesame are more popular. The comic books and postcards drawn by Teacher Yen Song-Tao are also available for sale."
Shunyi Tea House,catering,"No. 216, Sec. 8, Beiyi Rd., ,  232, Taiwan , Pinglin Dist., New Taipei City Taiwán, R.O.C",0,Famous for the specially made tea dishes. Their tea oil noodle has a light teafragrance that spreads in your mouth.
Jiufen Zheng’s Traditional Fishballs,catering,"No.25, Jishan St., Rueifang Dist.,  22448, Taiwan, Ruifang Dist., New Taipei City Taiwán, R.O.C",0,"Recommended Productstraditional fishball, cuttlefish ball, Fuzhou ball, braised pork rice, specialty dry noodlesZheng's Traditional Fishballs is located in the first half of Jishan Old Street, and has been established for more than a decade. The name of this restaurant demonstrates its confidence in their brand and quality."
Mountain and Sea View Teahouse,catering,"No. 150, Jishan St., ,  224, Taiwan, Ruifang Dist., New Taipei City Taiwán, R.O.C",0,"Recommended Productsscenic view, beverages, tea ceremony, set mealsThe Mountain and Sea View Teahouse resides in a yellow tiled three-story building near the rear of Jishan St. As the location happens to be where the Old Street takes a turn, with the Rear Viewing Platform, this teahouse has a better, non-obscured view than most."
Xiong's baked roll and twisted cruller,catering,"No.206, Xinzhuang Rd., ,  242, Taiwan, Xinzhuang Dist., New Taipei City Taiwán, R.O.C",0,"This shop is run by 3 generations in the past 75 years. The baked roll and twisted cruller have accompanied many people as they grow up. Thebaked roll, twisted cruller, bread twist and ""twins"" are most populaand attract a lot of customers."
Miners Café & Restaurant,catering,"No.8-1, Jinguang Rd., ,  224, Taiwan, Ruifang Dist., New Taipei City Taiwán, R.O.C",0,"Recommended Productsgold, miner’s boxed lunchDuring the Japanese occupation period, Jinguashi was a mining area under the management of a Japanese company, Kamaishi Mining and Iron Works."
Hengxi Q Meatballs,catering,"No. 193 Minsheng Street; Sanxia District, , Sanxia Dist., New Taipei City Taiwán, R.O.C",0,"Sanxia is a town with a main street feel. As you leave the Sanxia Old Street area where most tourists gather, surrounding it are still many food stalls and eateries waiting for visitors to come have a taste. One of the best is Hengxi Q Meatballs, located on Minsheng Street. Its namesake dish features an outer skin that is chewy while its lean-meat filling has a stark aroma."
Fu-Guei-Tao-Yuan Art & Culture,catering,"No. 96, Chongqing Street, Yingge District, , Yingge Dist., New Taipei City Taiwán, R.O.C",0,"Just like the exhibition hall attached to it, the Fu-Guei restaurant uses valuable artistic pieces by well-known artists for its decorations and serving implements. When eating hot pot served with a dining set that costs over ten thousand Taiwan dollars, the beer- marinated chicken seems even more intoxicating."
Old Place,catering,"No.21, Sec. 2, Danjin Rd., ,  252, Taiwan, Sanzhi Dist., New Taipei City Taiwán, R.O.C",0,"Old Place is a very popular restaurant for street-food-type dishes in Sanzhi. The dumplings contain whole shrimp. The shrimp tastes fresh, and the broth is thick. Steamed meat balls from Chaozhou are soft, chewy, but not greasy, with lots of meat inside."
Big White Sand,catering,"No.33-6, Xiayuankeng, ,  253, Taiwan, Shimen Dist., New Taipei City Taiwán, R.O.C",0,"This restaurant provides Chinese stir-fry dishes and Western dishes. They also provide a very popular homemade taro dessert. The restaurant offers ice cream in the summer, and this wonderful gesture helps to cool the tourists."
Lin Yi-He Hall healthy preserved fruit,catering,"No.3, Chang’an St., ,  227, Taiwan, Shuangxi Dist., New Taipei City Taiwán, R.O.C",0,"Chinese medicine is used to make all kinds of tasty healthy preserved fruits, such as olives and eight celestial fruit."
Shuangxi Delicious Refreshment Room,catering,",  227, Taiwan, Shuangxi Dist., New Taipei City Taiwán, R.O.C",0,"The most well-known bento (lunch box) store in Shuangxi. The smoked pig scalp is highly recommended. According to customers’ preferences, the dish can be prepared differently."
Hall of dragon and phoenix pie shop,catering,"No.49, Zhongzheng Rd., ,  247, Taiwan, Luzhou Dist., New Taipei City Taiwán, R.O.C",0,"Reputed for more than 50 years, the Restaurant has kept sincerity and trust as its operation concepts and followed traditional pie-making process. Its main products are various exquisite pies such as engagement pie, celebration cake and birthday turtle cake, etc. Little Deng pie and Lijun pie, the double glory of Luzhou, are its famous products and have met with great favor."
Sisters fritter,catering,"No. 25,Duchuantou St., ,  249, Taiwan, Bali Dist., New Taipei City Taiwán, R.O.C",0,"The old store has a history of more than 30 years. Besides milk fritter,milk donut, Chinese steamed buns stuffed with pickled vegetable and taro pieetc. are also served. The fritters have crisp skin on the outside and tastes sift and chewing on the inside."
Ah Lan Herbal Glutinous Rice Cake,catering,"No.90, Jishan St., , , Ruifang Dist., New Taipei City Taiwán, R.O.C",0,"When tourists visit Jiufen, not only do they want to try the taro balls, they will definitely want to queue up for Ah Lan's herbal glutinous rice cakes! These cakes are another type of delicious food item representative of Jiufen!"
Jiufen Teahouse,catering,"No. 142, Jishan St., ,  224, Taiwan, Ruifang Dist., New Taipei City Taiwán, R.O.C",0,"Recommended Productstea, ceramics, painting, historical site, five tael cake, scenic viewThe owner of the Jiufen Teahouse, Zhi-Sheng Hong, came to Jiufen in the 1980s and purchased this old house in 1987. He has preserved most of the original structure, save for one major adjustment: the creation of an open inner courtyard for more natural lighting."
Shanquanshui Handmade Bean Curd Tofu Pudding,catering,"No.149 Minsheng St., Sanxia  Dist.,  237, Taiwan, Sanxia Dist., New Taipei City Taiwán, R.O.C",0,"After a trip to the busy market on Sanxia’s Minsheng Street, nothing satisfies the thirsty and weary soul more than a bowl of handmade bean curd made from natural mountain spring water. At the Shanquanshui restaurant desser shop, the bean curd tofu pudding is meticulously prepared to give off a slight aroma that is revealed in the first bite and becomes stronger as one begins to savor th..."
Jiayi Honey Tea Goose,catering,"Floor 2, No. 212, Chuanxing Road, Taishan District, , Taishan Dist., New Taipei City Taiwán, R.O.C",0,"There are many ways to cook goose, with each having its own enthusiasts. One of the more unique styles is Taishan’s honey tea goose. This stand carefully selects mature geese that weigh between 5 to 6 kilograms. After cooking the chef spreads on honey and homemade sauce, letting the flavors penetrate the meat before smoke-roasting the bird."
Youngdoor Cafe,catering,"29-1 Zhongyi Road, Jinshan District, , Jinshan Dist., New Taipei City Taiwán, R.O.C",0,"Can Northern Taiwan look like Greece? Along Provincial Highway No. 2, there is a very Greek-style small restaurant in blue and white with an ocean view called “Youngdoor  Café”. The layout of the cozy interior furnishing makes it comfortable to enjoy the scenic view. Many visitors choose this place to have afternoon tea, or a cup of coffee with some cake or waffles."
Yen Yi Te Xing,catering,"No.48, Shenkeng St.,  Shenkeng  Dist.,  New, Shenkeng Dist., New Taipei City Taiwán, R.O.C",0,Special Recommendation: Tofu Ice Cream
Smoked Restaurant,catering,"No.27, Sec. 1, Zhongxing St., ,  252, Taiwan, Sanzhi Dist., New Taipei City Taiwán, R.O.C",0,"Taste the pride of Bavaria in Taiwan! Many traditional German dishes are provided here, such as smoked pig’s feet, sausages, smoked poultry, cheese from the Alps, and world-famous HB Beer."
Nanshihjiao Taiwan Chilled Doufu,catering,"Alley 20, Lane 418, Jingxin Street, Zhonghe City, Taipei County, Zhonghe Dist., New Taipei City Taiwán, R.O.C",0,"There is a stand that sells chilled doufu (bean curd) half-way in the night market. The purveyor is good with people and her shop selling the sweet desert has been open for many years. All the usual toppingshave been boiled and are ready to eat, but the most commonly ordered treats are peanut and mung bean."
Wugu old customer meat bals and oyster noodles,catering,"No.120, Sec. 1, Minyi Rd., ,  248, Taiwan, Wugu Dist., New Taipei City Taiwán, R.O.C",0,"Although the shop only sells noodles and meat balls, the boss, nevertheless, pays very much attention to the quality of his products. He makes a set quantity of meat balls everyday, and the sausages are made and sold out the same day. Since the materials are fresh without adding any chemicals and colors, the food is by no means harmful to your health."
Five Stars pettitoes rice,catering,"No.119, Sec. 1, Ziqiang Rd., ,  241, Taiwan, Sanchong Dist., New Taipei City Taiwán, R.O.C",0,"For more than 30 years, the restaurant has been known for its specialty, gravy pettitoes, made by inherited secrete formula. The cooking method pays special attention to whether the greasy and fishy smell is removed, and whether the gravy flavor has deeply penetrated into meat."
Master Liang's beef noodle and dumpling,catering,"No.572, Sec2, Zhongshan Rd., , New Taipei, Bali Dist., New Taipei City Taiwán, R.O.C",0,"The soup of the famous beef noodle is made by beef cooked for a long time, and it also contains the gravy beef shank and hand made noodles, which makes it very chewy and delicious."
Badasang aboriginal restaurant,catering,"No.111, Guanhai Blvd., Bail Dist.,  249, Taiwan, Bali Dist., New Taipei City Taiwán, R.O.C",0,"Badasnag means face tottoo in the language of Taroko Tribe. The exterior of the building is make by natural materials and the food offered in the restaurant is mainly cooked in the aboriginal people's style, a good place to taste new flavours."
Bitou A-zhu Seafood Old Restaurant,catering,"No. 115 Bitou Road, Ruifang District, , Ruifang Dist., New Taipei City Taiwán, R.O.C",0,"When driving towards Fulong or Yilan along the Coastal Highway, visors will see a huge signboard reading ""Bitou A-zhu Seafood Old Restaurant"" before entering the Bitou Cape Tunnel. This restaurant founded in 1986 is very famous among connoisseurs."
Hot Oil Mochi,catering,",  (No. 44 Store in Food Street), Ruifang Dist., New Taipei City Taiwán, R.O.C",0,"40 years ago, Grandpa Mochi was not as old as now, so everyone in Rui Fang called him ""Uncle Mochi"". It was then that Uncle Mochi started his little hot oil mochi store, painstakingly selling the same dish. His mochi warmed the stomachs of many Rui Fang people; they also warmed many Rui Fang people's memories."
Lanxiang House,catering,"No. 173 Jishan Street, Ruifang District, , Ruifang Dist., New Taipei City Taiwán, R.O.C",0,"Recommended ProductsWild Red-Core Native Guava, Golden Date, Red Cypress Essential OilPassing by Shanhaiguan Café, a magnificent view come into sight. While enjoying the wide and open scenery of Jiufen, visitors can smell a strong fruit fragrance."
Taro Potato Teahouse,catering,"No.18, Shihsia Ln., Rueifang Dist.,  22448, Taiwan, Ruifang Dist., New Taipei City Taiwán, R.O.C",0,"Shopping DirectoryPayment Options： Cash,  Credit Card,  Other Information : Will accept foreign currencyRecommended Productsmeal, tea ceremony, dishes for sharing, Jiufen mountain view, antiques, wooden craftsThe Taro Potato Teahouse is located diagonally across from the Jiufen Business District Tourist Information Center on Shuqi Road."
Linyuan Jumbo Meatballs,catering,"No. 104, Fuzhong Road, Banqiao District, , Banqiao Dist., New Taipei City Taiwán, R.O.C",0,"Quail’s Eegg, mushroom, and shredder bamboo shoots are mixed with top quality pork and then stuffed into a chewy, handmade wrapping. The finished meatball is topped off with a garlic sauce, completing this wonderful dish."
Changying Meatballs,catering,"No. 35, Xingzheng Road, Yingge District, , Yingge Dist., New Taipei City Taiwán, R.O.C",0,"Traditional Changhua meatballs are also available in Yingge! Hearty meat that borders on addicting is crammed into a chewy, springy dumpling wrapping, resulting in a meatball that is so filling, only one bowl is enough to satisfy your appetite. An important part of good meatballs is the sauce, and at this restaurant a homemade version combined with a small scoop of crushed garlic hits th..."
BestBrews,catering,"1st Floor, No. 1 Section, Wenhua 3rd Road, Linkou District, , Linkou Dist., New Taipei City Taiwán, R.O.C",0,Meet up with friends or colleagues in the Bar for a refreshing beer from our international Best Brews™ collection.
HASEGAWA CO.LTD,catering,"10F.-5, No. 14, Ln. 609, Sec. 5, Chongyang Rd., , , Sanchong Dist., New Taipei City Taiwán, R.O.C",0,"Leader’s Brown Sugar bubble Tea is a gift box of Brown Sugar Pearl Milk Tea recommended by the most bloggers in 2020.Strictly selected several high-quality Assam black teas, paired with mochi tapioca .100% use Taiwan brown sugar, presenting a rich brown sugar aroma.Perfectly reproduce the deliciousness of Taiwanese hand-rolled bubble tea.Let you easily enjoy the fun of brown sugar pearl ..."
Sancai Lingzhi Mushroom Emperor Cuisine,catering,"No.52-1, Shibachong Xi, ,  223, Taiwan (R.O.C.), Shiding Dist., New Taipei City Taiwán, R.O.C",0,"The broth is cooked for two days with precious deer horn , lingzhi mushrooms as well as 30 unique Chinese herbs. It is consumed with delicacies from the mountain, a meal suitable for all seasons."
Xiangmao Candy Factory,catering,"No.91, Shuiliujiao Rd., ,  232, Taiwan, Pinglin Dist., New Taipei City Taiwán, R.O.C",0,"Pinglin’s only tea candy factory. Of the six or seven kinds already developed, Qingru tea candy is the most well-known. The reputation of tea nougat is also quite good, as it contains a rich and fragrant taste."
Su Yi Xing restaurant,catering,"No.77, Zhonghua Rd., ,  227, Taiwan, Shuangxi Dist., New Taipei City Taiwán, R.O.C",0,"Deep fried pork and bean sheet shrimp rolls are the most popular dishes. The store owner used to be a singer; thus, sometimes customersmay enjoy music performance while savoring the Shuangxi delicacies."
Jinshan Brothers Restaurant,catering,"No.2, Jinbauli St., ,  208, Taiwan, Jinshan Dist., New Taipei City Taiwán, R.O.C",0,"Brothers Restaurant, which is located next to Tzuhu Temple, is run by the three Kuo Brothers who use their outstanding cooking talent to make wonderful dishes. The pan-fried ribs which tastes crispy on the outside and soft on the isnide are the most popular dish."
The Dlcservice Cafe,catering,"No.6, Ln. 167, Jing'an Road, , , Zhonghe Dist., New Taipei City Taiwán, R.O.C",0,"Located close to the Jing'an MRT Station, the ""Dlcservice cafe,"" which has a country-style decoration at the gate. Once you open the wooden door, the interior decoration gives people a very relaxing feel. There're small objects hanging on the walls, such as postcards and leather accessories. Exactly, it sells Japanese groceries. The decoration setting and the menu are usually changed eve..."
Teng Feng Fishball Museum,catering,"117 Zhongzheng Road, Tamsui District, , Tamsui Dist., New Taipei City Taiwán, R.O.C",0,"Lets Learn about All Sorts of FishballsTo help people understand the history of Tamsui fishballs, the Teng Feng Fishball Museum was erected. It is the first Fishball Museum in Taiwan. Although it is not very big, the museum shows in  detail  the  manufacturing process of fishballs. What kind of fish is suitable to make fishballs? What are the representative fishballs of every area?"
Yingge Crock Pot,catering,"No. 95 Chongcing Road, Yingge Township, Yingge Dist., New Taipei City Taiwán, R.O.C",0,Noodles in a crock pot ﬁrst appeared on Jianshanpu Road and they have since moved to the second ﬂoor food court in Pottery Building (Taoguan) on Chongcing Road. This is as close to a local delicacy as you can ﬁnd in Yingge and it is the perfect treat after exploring the shops on ﬁrst ﬂoor.
Laoshu Restaurant,catering,"12, Lane 290, Section 3, Xinwu Road, Wulai District, , Xindian Dist., New Taipei City Taiwán, R.O.C",0,"The highly recommended restaurant by ""netizens"" does not have a menu. Customers order their food from suggestions given by the owner. Popular dishes include fish head  casserole, fried pork and rock shrimp. Visitors are advised to go to the restaurant in a group because it is easier to order different dishes, which are served in very generous portions."
Xindian-style Cuisine,catering,"125 Guangming Street Xindian District, Taipei Coun, Xindian Dist., New Taipei City Taiwán, R.O.C",0,Guangming Eat Street is located near Bitan. Up and down the road are snack shops. Half-way on the street is a shop that sells oily rice that just about every Xindian citizen recognizes as tasty. The flavorful Guangming brand-name sticky rice is slathered in oil and topped with dried fluffy pork and stirred with a sweet sauce.
Banqiao Shitou Meatball,catering,"No.11, Ln. 410, Sec. 2, Wenhua Rd., ,  220, Taiwan, Banqiao Dist., New Taipei City Taiwán, R.O.C",0,"The skin is fried and the meatball has rich inner stuffing: stir-fried pork and bamboo, peanut powder, salad sauce, chili paste and juice made by the owner. Satisfying your stomach!"
World Soy Milk King,catering,"No. 284 Yonghe Road Section 2, Yonghe City, Taipei County, Yonghe Dist., New Taipei City Taiwán, R.O.C",0,"Yonghe-made soy milk is known throughout the isles of Taiwan, with World Soy Milk King has the leading business plan and the mostfame.World Soy Milk King is open 24 hours a day, offering Chinese-style breakfast throughout Taiwan with a twist."
Gaosyong (Kaohsiung) Black Wagon Wheels,catering,"No.16, Jhongsing St., ,  23445, Taiwan, Yonghe Dist., New Taipei City Taiwán, R.O.C",0,"Black Wagon Wheels refers to a type of Taiwanese snack stand that carries a variety of steamed, boiled and grilled vegetables and meats. Among them are stuffed cabbage, black wagon wheels, and other kinds of boiled tempura-like vegetables just waiting there to tease the hunger of every customer to buy. The broth is made from shaved ﬁsh and large pieces of a large white carrot-like radish..."
Anna Cafe,catering,"No.1-17, Zhongyang Rd., ,  253, Taiwan, Shimen Dist., New Taipei City Taiwán, R.O.C",0,The owner’s delicate handiwork is seen in the mulicolored windmills that spin with the wind. These handiworks sooth one’s heart. Coﬀee and scenery is a great combinaion.
Mountaintop Shop of Salted Fried Pig’s Feet,catering,"No.25, Fanzikeng, ,  223, Taiwan, Shiding Dist., New Taipei City Taiwán, R.O.C",0,"The ingredient of this dish is taken from Shiding’s black pig’s feet, the texture of which is tender and full of collagen. It is first brewed with soybean sauce, and then steamed to maintain the original juices o the meat. After that, it is fried to give the skin its crispy and yet not greasy taste."
Under the Old Tree,catering,"No.163, Shenkeng St., ,  222, Taiwan, Shenkeng Dist., New Taipei City Taiwán, R.O.C",0,"Located at the entrance of the Old Street, it is one of the oldest tofu restaurants here. A table full of tofu dishes is very aﬀordable and gives a sense of happiness. Sinky Tofu with Pig Intesines and Duck Blood Cakes is the signature dish. It is stewed with a dozen of Chinese herbs for over two hours."
Lin's mushroom meat sauce,catering,"No.344, Xinzhuang Rd., ,  242, Taiwan, Xinzhuang Dist., New Taipei City Taiwán, R.O.C",0,"The sauce is made of pig's fresh hindquarter meat. The meat is pickled, wrapped with a layer of sweet potato starch, and then put into pot to boil. So the gravy is fresh and the meat is tender."
Linkou Power Plant popsicles,catering,"No.139, Xiafu, ,  244, Taiwan, Linkou Dist., New Taipei City Taiwán, R.O.C",0,"The traditional popsicles are sold in Linkou Power Plant with many different flavors, such as rice cake, red bean, taro, Luoshen flower and milk, etc. There is a variety of flavors for choice, all cool to the heart. Many people come from very far places for group purchase. A box contains 60 ice-suckers, but you had better prepare an ice box for the sake of environmental protection."
Jinshan Kuo's Almond Cookies Shop,catering,"No. 77, jinbauli St., ,  208, Taiwan, Jinshan Dist., New Taipei City Taiwán, R.O.C",0,"Completely handmade, this cookie shop provides pan-fried peanuts, almonds, sesame, pumpkin candy, coriander rolls, and nougat candy, all of which are all fresh without preservatives."
Amei Teahouse,catering,"No. 20, Shixa Lane, Ruifang District, , Ruifang Dist., New Taipei City Taiwán, R.O.C",0,"The Amei Teahouse is located on Shuqi Road. Its strong Japanese architectural style makes it very eye-catching. In particular, when it is rumored that the teahouse looks like the building of Yubaba in the animated picture Spirited Away of Hayao Miyazak, more and more people want to find out the truth about it."
Jiufen Jinzhi Hongzao Rouyuan,catering,"No. 112 (with meat), No. 63 (vegetarian), Jishan St., , , Ruifang Dist., New Taipei City Taiwán, R.O.C",0,"Recommended Productsred vinasse rouyuan, vegetarian red vinasse rouyuanOne of the most famous snacks in Jiufen is red vinasse rouyuan. This is a rouyuan containing chunks of meat marinated and fermented with red vinasse. Jiufen Jinzhi Hongzao Rouyuan is an important reason why red vinasse rouyuan has become so well-known in the Jiufen region."
Jiufen Old Noodle Restaurant,catering,"No. 45, Jishan St., , , Ruifang Dist., New Taipei City Taiwán, R.O.C",0,"Recommended Productsbeef noodles, wonton noodles, peanut ice creamThe Jiufen Old Noodle Restaurant was established in 1958 Currently, Mr. Shi is the second generation owner. Although it was not the first noodle restaurant ever in the Jiufen region, it was the first to ever serve beef noodles."
Rice with Turkey,catering,"No. 264, Section 2, Zhongyang Road, Tucheng District, , Tucheng Dist., New Taipei City Taiwán, R.O.C",0,Huixiang Chiayi Rice with Turkey is different from the shredded turkey rice one usually sees at street stalls because this restaurant cuts the meat into larger chunks to make it more firm and chewy. Homemade sauce is added for an authentic southern taste.
Liu Biju Chaozhou Casserole Porridge,catering,"No. 3, Mingquan Rd., , , Banqiao Dist., New Taipei City Taiwán, R.O.C",0,"There're many different methods to cook porridge; Guangdong porridge and Taiwanese salty congee are the common cuisines for general customers. In recent years, the casserole porridge becomes popular in Banqiao due to the use of Taitung Guanshan Emperor Rice as the main ingredient; particularly, not until the guests make an order, the rice won't be put into the casserole. The rice is cook..."
Minghong Clam Consommé,catering,"No.87-3, Wenhua N. Rd., ,  241, Taiwan (R.O.C.), Sanchong Dist., New Taipei City Taiwán, R.O.C",0,"Minghong Clam Consommé can be found at the corner of  Wun hua Road . Though a small shop selling only rice vermicelli and stewed pork sauce over rice, the eatery’s sizable sign with a big oyster picture on it  is  hard  to  miss."
Granny’s Iron Eggs,catering,"135-1 Zhongzheng Road, Tamsui District, , Tamsui Dist., New Taipei City Taiwán, R.O.C",0,"Dark Chewy Iron EggsWant to try some special iron eggs? Then you have to come to Tamsui for some of Granny’s iron eggs. Their creator, Granny Yang, ran a buffet and noodle shop. On one occasion she got too busy and over-marinated the eggs , and fortunately, customers could not get off enough. The eggs then became a hot selling item for the past 30 years."
Granny’s Plum Juice,catering,"135-2 Zhongzheng Road, Tamsui District, , Tamsui Dist., New Taipei City Taiwán, R.O.C",0,"When  it  gets  hot,  have  a  glass  of iced plum juice as it is the best way to quench your thirst. Granny's Plum Juice uses dried plums and they are marinated for three months. After  spice, perilla, rosella tea, and 17 other herbs are added, it is then brewed in a clay pot over a small fire and finally turns into a sweet and sour drink."
Yeh’s Wonton Restaurant,catering,"177 Zhongzheng Road, Tamsui District, , Tamsui Dist., New Taipei City Taiwán, R.O.C",0,"Jay Chou’s Favorite WontonThere  is  a  restaurant  in Tamsui  that  offers  a vermicelli  dish  that  is famous throughout China and  Hong  Kong — the ""Jay Chou Set"". This is Yeh’s Wonton Restaurant, famous for the thin layer and rich fillings of wontons served with omelet strips, laver and other veggies. The soup is refreshing, and the set comes with a tender marinated fried drumstick."
Yannick Patisserie,catering,"127-5 Malian Road, Wanli District, , Wanli Dist., New Taipei City Taiwán, R.O.C",0,"Media reports made the desert shop extremely popular,  and  many people have come to the café next to its factory in Wanli for some freshly baked desserts. It's a top pick for an enjoyable afternoon tea while you are in Wanli."
Haishan Bakery,catering,"N o. 2 , Zhonghua  Rd . , ,, Shuangxi Dist., New Taipei City Taiwán, R.O.C",0,"The Haishan Bakery is famous for its “Haishan Agar-Pudding Cake,” where the cake ingredients contain agar, flour and fresh eggs. The strong aromatic egg smell fills the small shop when the fresh cakes come out of the oven. The smooth texture will make one accidently eat the entire cake one bite after another. Persistent on adding no fragrances and seasonings, so that everybody loves it, ..."
Wang’s Tofu,catering,"No.85, Shiding E. St., , , Shiding Dist., New Taipei City Taiwán, R.O.C",0,"Special Recommendations: Tofu Pudding, Roasted Tofu"
Yuelai Pavilion Restaurant,catering,"No.56, Sec. 1, Zhongshan Rd., ,  252, Taiwan, Sanzhi Dist., New Taipei City Taiwán, R.O.C",0,Yuelai pavilion restaurant provides various kinds of Taiwanese dishes and seafood dishes. Crispy fried ribs and curry taro balls are popular house dishes in the store.
Zengji Calamari Stew,catering,"No 150 Wunhua North Road, Sanchong District, Taipei County, Sanchong Dist., New Taipei City Taiwán, R.O.C",0,"There are in particular two shops that sell Calamari Stew in Sanchong Night Market diagonally across the street Minghong Clam Consommé. The shop is larger thus easy to find. At the present address the owners have 30 years of experience selling the delicacy, along with rice vermicelli and stewed ground pork on rice."
Meichun Highway Hotel,catering,"No.22, Sec. 8, Beiyi Rd., ,  232, Taiwan, Pinglin Dist., New Taipei City Taiwán, R.O.C",0,"The hotel is next to the Pinglin gate. A simplistic restaurant without a setmenu, it oﬀers simple, family dishes. One can tell the owner the budget and preferred dishes, and she will make a whole table of delicious food."
Lobster King,catering,"No.186, Renhe Rd., ,  228, Taiwan, Gongliao Dist., New Taipei City Taiwán, R.O.C",0,"Lobsters can be prepared in over a dozen ways, such as steam, with meso or wasabi, to give a few examples. Succulent abalones are also a delicacy not to be missed. Every dish can be customized in the store."
Tianding Soup Noodles,catering,"No.22, Desheng St., ,  247, Taiwan, Luzhou Dist., New Taipei City Taiwán, R.O.C",0,"Tianding Qiezai Noodle Restaurant, located in Miaokou business circle of Luzhou, is operated by its boss, Liao Tianding. It has a history of more than 30 years, and is one of very famous restaurants here. It has a very tall and big red sign discernible from very far. The noodle here will never be cooked too sot, and the noodle soup is always clear, fresh and sweet."
Deep-sea squid,catering,"No 26, Duchuantou St., ,  249, Taiwan, Bali Dist., New Taipei City Taiwán, R.O.C",0,"The golden fried big squid is crispy and served with special sauces, mayonnaise and mustard, with a topping of dried bonito flakes. It tastes light and not greasy at all."
Jinshan Changyi Pastries Shop,catering,"No.57, Jinbauli St. ,  208, Taiwan, Jinshan Dist., New Taipei City Taiwán, R.O.C",0,"Unlike the traditional tastes today, this shop provides a variety of Chinese sweets, curry meat pastries, sweetheart cakes, green bean moon cakes, black bean paste, and pineapple cakes for you to choose from."
European Country Café,catering,"No. 177, Jishan St., ,  224, Taiwan, Ruifang Dist., New Taipei City Taiwán, R.O.C",0,"While this store's Chinese name conveys the atmosphere of a European residence in the countryside, the English name ""Babka"" is an honorific term for old ladies in Eastern Europe, who are often masters at making delicate desserts, cookies, and cakes."
Gojinshan Peanut Brittle,catering,"No.30, Jishan St., , , Ruifang Dist., New Taipei City Taiwán, R.O.C",0,"Peanuts were known to ancient people as the ""fruit of longevity"", which is a great indication of how rich they are in nutrients. In fact, peanuts contain more than just protein, fat, and carbohydrates. They also contain unsaturated fatty acids, amino acids, vitamin B1 and B2, beta carotene, niacin, and other nutrients."
Hua Ji Dragon Phoenix Spring Roll,catering,"Minsheng St. Entrance, , , Ruifang Dist., New Taipei City Taiwán, R.O.C",0,"Recommended ProductsDragon Phoenix Spring Roll, Glutinous Rice SausageHave you been asked what is the most difficult thing when trying to preserve authentic flavors? Some people may say it is the pickiness of customers, some may say it will depend on the determination and dedication of the cook."
Hereditary A-Mang’s Sweet Taro Balls,catering,"No. 41-2, Jishan St., ,  224, Taiwan, Ruifang Dist., New Taipei City Taiwán, R.O.C",0,"Not far from the entrance of Jishan Old Street (Jiudaokou) is a small signs which says ""Hereditary A-Mang's Sweet Taro Balls"". This tiny shop, which seats only about a dozen, played a major role in how the sweet taro ball came to be known as a renowned Jiufen snack.Hereditary A-Mang's Sweet Taro Balls is one of the three oldest sweet taro ball shops in Jiufen."
A City of Sadness,catering,"2F, No.35, Shuqi Rd., , , Ruifang Dist., New Taipei City Taiwán, R.O.C",0,"Recommended ProductsOld fashioned rice with pork fat, Taiwanese family style stir-fry, economical a la carte, Western set meal, coffeeThe film ""A City of Sadness"" promoted the beauty of Jiufen globally; hence for a long time, Jiufen and the City of Sadness were virtually synonymous."
LiYi Cake Store,catering,"No.18, Qiche Rd., , , Ruifang Dist., New Taipei City Taiwán, R.O.C",0,"Recommended ProductsButter sun cake, pineapple cake, curry cake , taro cakePineapple cakes are one of the most renowned and representative snacks in Taiwan. Now only are they well-liked by all ages, in recent years they have become the top gift choice for those traveling abroad."
Shijiang Wenzhou Wontons,catering,"No. 58 Wenhua Road; Sanxia District, , Sanxia Dist., New Taipei City Taiwán, R.O.C",0,"Stalls and small restaurants serving many of Taiwan’s favorite snacks have converged around Sanxia Old Street, meaning you can find almost anything you desire, including beloved wontons. Shijiang Wenzhou Wontons is located on Wenhua Road and serves affordable wontons that are about half the size of a fist. Only top ingredients are used so when you bite in, you get a huge taste of meat."
Kueishan Power Station Popsicles,catering,"No. 37 Guishan Road, Xindian District, , Xindian Dist., New Taipei City Taiwán, R.O.C",0,"Kueishan Power Station Ice Pops is a popsicle store located in the water conservation area of the Feitsui Reservoir. Its popsicles attract many tourists who visit just for the sake of having this traditional treat. There are many flavors to try, including pineapple, peanut, milk, and red bean, and their low cost means you can keep coming back for more of this cool, refreshing snack."
Traditional Pork Chop and Rice,catering,"No.85, Yuying St., ,  239, Taiwan, Yingge Dist., New Taipei City Taiwán, R.O.C",0,"Many great foods line Yingge Old Street, such as traditional tofu pudding. But if you are looking for something to fill you up at lunch, one of your best options is at a restaurant serving traditional pork chop and rice. Here the flour added when making the fried pork chop is the perfect amount, creating a crisp exterior to go with the tender meat inside."
Yingge Oyster Vermicelli,catering,"No. 91, Zhongzheng First Road, Yingge District, , Yingge Dist., New Taipei City Taiwán, R.O.C",0,"Yingge is a place known for being humble, a characteristic reflected in its cuisine. Nearly everywhere you look you can find somewhere serving inexpensive, excellent meals, one example of which is a place simply called Yingge Oyster Vermicelli. When you order these noodles the first thing you notice is that the chef crams lots of ingredients into a small bowl."
The Eatery,catering,"1st Floor, No. 1 Section, Wenhua 3rd Road, Linkou District, , Linkou Dist., New Taipei City Taiwán, R.O.C",0,"Enjoy simple and delicious everyday comfort food at our all-day dining restaurant.  We serve up all the local specialty dishes, a range of popular international choices and a tempting dessert selection."
Ruifang Food Court,catering,"No. 2, Lane, 35, Minsheng St., Ruifang District, , Ruifang Dist., New Taipei City Taiwán, R.O.C",0,"Ruifang Food Court is situated across from Ruifang Train Station; located in a traffic hub, it is close to the historical Ruifang Old Street and is a major tourist attraction. The Food Court has been established for more than five decades and has been transformed from a traditional wet market to today’s renowned Food Court. If you are looking for the most authentic Ruifang street eats, y..."
Misty Cake,catering,"No. 6-1, Sec. 1, Mingdeng Rd., Ruifang District, , Ruifang Dist., New Taipei City Taiwán, R.O.C",0,"Brand Story: Jinguashih in Ruifang was once a major gold mining town. At that time, impoverished miners would have sweet potatoes as the main food to satisfy their hunger. Over the years, the plain and pure flavor has slowly been forgotten by most people. As an effort to rediscover that authentic texture, Misty Cake is borrowing the old-time cooking method and using a puff pastry to wrap..."
 103 opiniones,wedding venue, Barcelona,Castellar Del Valles,wedding venue
 633 opiniones,wedding venue, Barcelona,Sant Fost De Campsentelles,wedding venue
 576 opiniones,wedding venue, Barcelona,Sant Fost De Campsentelles,wedding venue
 422 opiniones,wedding venue, Barcelona,Palau De Plegamans,wedding venue
 214 opiniones,wedding venue, Barcelona,Vilanova Del Valles,wedding venue
 199 opiniones,wedding venue, Barcelona,Odena,wedding venue
 200 opiniones,wedding venue, Barcelona,Bigues,wedding venue
 117 opiniones,wedding venue, Barcelona,Sant Andreu De La Vola,wedding venue
 142 opiniones,wedding venue, Barcelona,Sentmenat,wedding venue
 154 opiniones,wedding venue, Barcelona,Monistrol De Montserrat,wedding venue
 76 opiniones,wedding venue, Barcelona,Llerona,wedding venue
 302 opiniones,wedding venue, Barcelona,Montseny,wedding venue
 134 opiniones,wedding venue, Barcelona,Sant Cugat Del Valles,wedding venue
 194 opiniones,wedding venue, Barcelona,Sentmenat,wedding venue
 8 opiniones,wedding venue, Barcelona,Gironella,wedding venue
 9 opiniones,wedding venue,1 promoción -10% Descuento,Barcelona,wedding venue
Mataró,wedding venue,, Barcelona,wedding venue
Castelldefels,wedding venue,1 promoción, Barcelona,wedding venue
 7 opiniones,wedding venue, Barcelona,Mataró,wedding venue
 17 opiniones,wedding venue, Barcelona,El Prat De Llobregat,wedding venue
 15 opiniones,wedding venue, Barcelona,Esparreguera,wedding venue
 10 opiniones,wedding venue, Barcelona,Manresa,wedding venue
 41 opiniones,wedding venue, Barcelona,Olvan,wedding venue
 3 opiniones,wedding venue, Barcelona,Granollers,wedding venue
Barcelona,wedding venue,Desde 30,0,wedding venue
 36 opiniones,wedding venue, Barcelona,Casserres,wedding venue
 74 opiniones,wedding venue, Barcelona,Cardedeu,wedding venue
 40 opiniones,wedding venue, Barcelona,La Garriga,wedding venue
 21 opiniones,wedding venue,1 promoción -5% Descuento,Barcelona,wedding venue
 54 opiniones,wedding venue, Barcelona,Gurb,wedding venue
 19 opiniones,wedding venue, Barcelona,Igualada,wedding venue
 28 opiniones,wedding venue, Barcelona,Sant Adria De Besos,wedding venue
 34 opiniones,wedding venue, Barcelona,Canyelles,wedding venue
 83 opiniones,wedding venue, Barcelona,Vic,wedding venue
 2 opiniones,wedding venue, Barcelona,Vilafranca Del Penedes,wedding venue
 121 opiniones,wedding venue, Barcelona,Torrelles De Llobregat,wedding venue
 3 opiniones,wedding venue, Barcelona,Vilanova I La Geltru,wedding venue
Barcelona,wedding venue,Desde 144,0,wedding venue
 39 opiniones,wedding venue, Barcelona,Sant Just Desvern,wedding venue
 20 opiniones,wedding venue, Barcelona,Sabadell,wedding venue
 16 opiniones,wedding venue, Barcelona,Vilafranca Del Penedes,wedding venue
Santa Fe Del Penedes,wedding venue,, Barcelona,wedding venue
 30 opiniones,wedding venue, Barcelona,Sitges,wedding venue
Cardona,wedding venue,, Barcelona,wedding venue
 12 opiniones,wedding venue, Barcelona,Pineda De Mar,wedding venue
 92 opiniones,wedding venue,1 promoción,Barcelona,wedding venue
 17 opiniones,wedding venue, Barcelona,Castellterçol,wedding venue
 12 opiniones,wedding venue, Barcelona,Terrassa,wedding venue
 83 opiniones,wedding venue, Barcelona,Cabrera De Mar,wedding venue
 79 opiniones,wedding venue, Barcelona,Granollers,wedding venue
 127 opiniones,wedding venue, Barcelona,Igualada,wedding venue
 1 opinión,wedding venue, Barcelona,Collsuspina,wedding venue
 7 opiniones,wedding venue, Barcelona,Sitges,wedding venue
 116 opiniones,wedding venue, Barcelona,Sant Cebria De Vallalta,wedding venue
 24 opiniones,wedding venue, Barcelona,Rubio,wedding venue
 5 opiniones,wedding venue,,Barcelona,wedding venue
 33 opiniones,wedding venue, Barcelona,Parets Del Valles,wedding venue
 22 opiniones,wedding venue, Barcelona,Sitges,wedding venue
 6 opiniones,wedding venue, Barcelona,Sant Marti De Centelles,wedding venue
 18 opiniones,wedding venue,1 promoción,Barcelona,wedding venue
Castellnou De Bages,wedding venue,, Barcelona,wedding venue
 28 opiniones,wedding venue, Barcelona,Sitges,wedding venue
Puig-reig,wedding venue,, Barcelona,wedding venue
Seva,wedding venue,, Barcelona,wedding venue
 15 opiniones,wedding venue, Barcelona,El Pont De Vilumara I Rocafort,wedding venue
 31 opiniones,wedding venue, Barcelona,Vilanova De Sau,wedding venue
 54 opiniones,wedding venue, Barcelona,L' Ametlla Del Valles,wedding venue
 1 opinión,wedding venue,,Barcelona,wedding venue
 30 opiniones,wedding venue, Barcelona,Terrassa,wedding venue
 19 opiniones,wedding venue, Barcelona,Calders,wedding venue
 131 opiniones,wedding venue, Barcelona,La Pobla De Claramunt,wedding venue
 1 opinión,wedding venue, Barcelona,L' Hospitalet De Llobregat,wedding venue
 103 opiniones,wedding venue, Barcelona,Tagamanent,wedding venue
 8 opiniones,wedding venue, Barcelona,Odena,wedding venue
 14 opiniones,wedding venue, Barcelona,Gurb,wedding venue
Castellfollit Del Boix,wedding venue,1 promoción, Barcelona,wedding venue
 3 opiniones,wedding venue, Barcelona,Castellnou De Bages,wedding venue
 30 opiniones,wedding venue, Barcelona,Esplugues De Llobregat,wedding venue
 2 opiniones,wedding venue, Barcelona,Cabrera De Mar,wedding venue
 5 opiniones,wedding venue, Barcelona,Montseny,wedding venue
 6 opiniones,wedding venue, Barcelona,La Quar,wedding venue
 5 opiniones,wedding venue, Barcelona,Martorell,wedding venue
 1 opinión,wedding venue, Barcelona,Sitges,wedding venue
 1 opinión,wedding venue, Barcelona,Rubi,wedding venue
 52 opiniones,wedding venue, Barcelona,Puig-reig,wedding venue
 31 opiniones,wedding venue, Barcelona,Argentona,wedding venue
 7 opiniones,wedding venue, Barcelona,Canet De Mar,wedding venue
 7 opiniones,wedding venue,,Barcelona,wedding venue
 183 opiniones,wedding venue, Barcelona,Orista,wedding venue
Cervello,wedding venue,, Barcelona,wedding venue
 243 opiniones,wedding venue, Barcelona,Sant Vicenç De Montalt,wedding venue
 5 opiniones,wedding venue, Barcelona,Rajadell,wedding venue
 3 opiniones,wedding venue, Barcelona,Sitges,wedding venue
Cabrera De Mar,wedding venue,1 promoción -10% Descuento, Barcelona,wedding venue
 3 opiniones,wedding venue, Barcelona,Montmajor,wedding venue
 135 opiniones,wedding venue, Barcelona,Arenys De Munt,wedding venue
 72 opiniones,wedding venue, Barcelona,Calders,wedding venue
 29 opiniones,wedding venue, Barcelona,Castellterçol,wedding venue
 59 opiniones,wedding venue, Barcelona,L' Hospitalet De Llobregat,wedding venue
 14 opiniones,wedding venue,,Barcelona,wedding venue
 1 opinión,wedding venue, Barcelona,Caldes D'estrac,wedding venue
 49 opiniones,wedding venue, Barcelona,Sant Andreu De Llavaneres,wedding venue
 34 opiniones,wedding venue, Barcelona,Sant Fruitos De Bages,wedding venue
 100 opiniones,wedding venue, Barcelona,Premia De Dalt,wedding venue
 124 opiniones,wedding venue, Barcelona,Cabrera De Mar,wedding venue
 97 opiniones,wedding venue,,Barcelona,wedding venue
 63 opiniones,wedding venue, Barcelona,Montcada I Reixac,wedding venue
 178 opiniones,wedding venue, Barcelona,Vilanova Del Valles,wedding venue
 4 opiniones,wedding venue, Barcelona,Terrassa,wedding venue
 9 opiniones,wedding venue, Barcelona,Sant Marti Sarroca,wedding venue
 69 opiniones,wedding venue, Barcelona,Caldes De Montbui,wedding venue
 19 opiniones,wedding venue, Barcelona,Pineda De Mar,wedding venue
Arenys De Mar,wedding venue,1 promoción -5% Descuento, Barcelona,wedding venue
 143 opiniones,wedding venue, Barcelona,Vilanova Del Valles,wedding venue
 149 opiniones,wedding venue, Barcelona,Sant Andreu De Llavaneres,wedding venue
 48 opiniones,wedding venue, Barcelona,Castellvi De Rosanes,wedding venue
 1 opinión,wedding venue, Barcelona,Sant Sadurni D'anoia,wedding venue
 2 opiniones,wedding venue, Barcelona,Vilanova Del Valles,wedding venue
 141 opiniones,wedding venue, Barcelona,Bigues,wedding venue
 91 opiniones,wedding venue, Barcelona,Cornella De Llobregat,wedding venue
 79 opiniones,wedding venue, Barcelona,Alella,wedding venue
 10 opiniones,wedding venue, Barcelona,Tordera,wedding venue
 42 opiniones,wedding venue, Barcelona,Maians,wedding venue
 9 opiniones,wedding venue,1 promoción,Barcelona,wedding venue
 5 opiniones,wedding venue, Barcelona,Arenys De Mar,wedding venue
 65 opiniones,wedding venue, Barcelona,Sitges,wedding venue
 111 opiniones,wedding venue, Barcelona,Malla,wedding venue
 109 opiniones,wedding venue, Barcelona,Masquefa,wedding venue
 75 opiniones,wedding venue, Barcelona,Sant Pere De Ribes,wedding venue
 32 opiniones,wedding venue, Barcelona,Castelldefels,wedding venue
 93 opiniones,wedding venue, Barcelona,Gava,wedding venue
 24 opiniones,wedding venue, Barcelona,Alella,wedding venue
 159 opiniones,wedding venue, Barcelona,Sant Boi De Llobregat,wedding venue
 32 opiniones,wedding venue, Barcelona,Sant Pere De Vilamajor,wedding venue
 15 opiniones,wedding venue,1 promoción,Barcelona,wedding venue
 2 opiniones,wedding venue,,Barcelona,wedding venue
 28 opiniones,wedding venue, Barcelona,El Bruc,wedding venue
 187 opiniones,wedding venue, Barcelona,Montcada I Reixac,wedding venue
 74 opiniones,wedding venue,,Barcelona,wedding venue
 196 opiniones,wedding venue, Barcelona,Polinya,wedding venue
 6 opiniones,wedding venue, Barcelona,Sant Esteve Sesrovires,wedding venue
Caldes De Montbui,wedding venue,3 promociones, Barcelona,wedding venue
 314 opiniones,wedding venue, Barcelona,Rubio,wedding venue
 65 opiniones,wedding venue, Barcelona,Vallirana,wedding venue
 7 opiniones,wedding venue, Barcelona,Sant Vicenç De Montalt,wedding venue
 139 opiniones,wedding venue, Barcelona,Sant Cugat Sesgarrigues,wedding venue
 9 opiniones,wedding venue, Barcelona,Tordera,wedding venue
 70 opiniones,wedding venue, Barcelona,Sant Cugat Del Valles,wedding venue
 74 opiniones,wedding venue, Barcelona,Lavern,wedding venue
 271 opiniones,wedding venue, Barcelona,L' Ametlla Del Valles,wedding venue
 89 opiniones,wedding venue,1 promoción,Barcelona,wedding venue
 1 opinión,wedding venue, Barcelona,Centelles,wedding venue
 37 opiniones,wedding venue, Barcelona,Torrelles De Llobregat,wedding venue
 200 opiniones,wedding venue, Barcelona,Sentmenat,wedding venue
 10 opiniones,wedding venue,,Barcelona,wedding venue
 20 opiniones,wedding venue, Barcelona,Montseny,wedding venue
 164 opiniones,wedding venue, Barcelona,La Garriga,wedding venue
 29 opiniones,wedding venue, Barcelona,Cabrils,wedding venue
 27 opiniones,wedding venue, Barcelona,Gava,wedding venue
 64 opiniones,wedding venue, Barcelona,Canyelles,wedding venue
 15 opiniones,wedding venue, Barcelona,Badalona,wedding venue
 82 opiniones,wedding venue, Barcelona,Sant Fost De Campsentelles,wedding venue
Terrassa,wedding venue,, Barcelona,wedding venue
 166 opiniones,wedding venue, Barcelona,Santpedor,wedding venue
 118 opiniones,wedding venue, Barcelona,Caldes De Montbui,wedding venue
 78 opiniones,wedding venue,,Barcelona,wedding venue
 282 opiniones,wedding venue, Barcelona,El Bruc,wedding venue
 18 opiniones,wedding venue, Barcelona,Vallirana,wedding venue
 206 opiniones,wedding venue, Barcelona,Premia De Dalt,wedding venue
 179 opiniones,wedding venue, Barcelona,Terrassa,wedding venue
 10 opiniones,wedding venue, Barcelona,Santa Maria De Corco,wedding venue
 38 opiniones,wedding venue, Barcelona,Castelldefels,wedding venue
Taradell,wedding venue,3 promociones, Barcelona,wedding venue
 129 opiniones,wedding venue, Barcelona,Vilanova I La Geltru,wedding venue
 15 opiniones,wedding venue, Barcelona,Santa Margarida I Els Monjos,wedding venue
 20 opiniones,wedding venue,,Barcelona,wedding venue
 104 opiniones,wedding venue, Barcelona,Vilanova De Sau,wedding venue
 78 opiniones,wedding venue, Barcelona,Matadepera,wedding venue
 13 opiniones,wedding venue, Barcelona,Sant Pere De Ribes,wedding venue
 52 opiniones,wedding venue, Barcelona,Olivella,wedding venue
 148 opiniones,wedding venue, Barcelona,Llinars Del Valles,wedding venue
 7 opiniones,wedding venue, Barcelona,L' Ametlla Del Valles,wedding venue
 8 opiniones,wedding venue, Barcelona,Arenys De Munt,wedding venue
 78 opiniones,wedding venue, Barcelona,Palau De Plegamans,wedding venue
 115 opiniones,wedding venue, Barcelona,Sant Cugat Del Valles,wedding venue
 78 opiniones,wedding venue, Barcelona,Muntanyola,wedding venue
 38 opiniones,wedding venue, Barcelona,Terrassa,wedding venue
 113 opiniones,wedding venue, Barcelona,Sabadell,wedding venue
 120 opiniones,wedding venue, Barcelona,Sant Quirze Safaja,wedding venue
 47 opiniones,wedding venue, Barcelona,Sant Marti De Centelles,wedding venue
 68 opiniones,wedding venue, Barcelona,Gava,wedding venue
 4 opiniones,wedding venue, Barcelona,Santa Perpetua De Mogoda,wedding venue
 85 opiniones,wedding venue, Barcelona,Rubio,wedding venue
 54 opiniones,wedding venue, Barcelona,Puig-reig,wedding venue
 45 opiniones,wedding venue, Barcelona,Castelldefels,wedding venue
 23 opiniones,wedding venue,,Barcelona,wedding venue
 72 opiniones,wedding venue, Barcelona,Sallent,wedding venue
 65 opiniones,wedding venue, Barcelona,Sant Feliu De Codines,wedding venue
 22 opiniones,wedding venue,3 promociones,Barcelona,wedding venue
 494 opiniones,wedding venue, Barcelona,Sant Vicenç De Montalt,wedding venue
 56 opiniones,wedding venue, Barcelona,Vilobi Del Penedes,wedding venue
 54 opiniones,wedding venue, Barcelona,Castelladral,wedding venue
 195 opiniones,wedding venue, Barcelona,Sant Marti De Tous,wedding venue
 27 opiniones,wedding venue, Barcelona,Montseny,wedding venue
 15 opiniones,wedding venue, Barcelona,Moia,wedding venue
 14 opiniones,wedding venue, Barcelona,Castelldefels,wedding venue
 9 opiniones,wedding venue, Barcelona,Castelldefels,wedding venue
 27 opiniones,wedding venue, Barcelona,Sabadell,wedding venue
 25 opiniones,wedding venue, Barcelona,Sant Pere De Ribes,wedding venue
 7 opiniones,wedding venue, Barcelona,Cardona,wedding venue
 69 opiniones,wedding venue, Barcelona,Cervello,wedding venue
 280 opiniones,wedding venue, Barcelona,Alella,wedding venue
 15 opiniones,wedding venue, Barcelona,Vilanova Del Valles,wedding venue
Princes Park:  PP - Crawford_Ct3_F2,event venue,0.0,0,event venue
"Other Park Locations:  Hawke, King & Errol St Reserve",event venue,1.7382153,0,event venue
Fawkner Park:  FP - Lawn 16 North West_SB6_Cs6,event venue,0.0,0,event venue
Other Park Locations:  Eight Hour Reserve,event venue,1.68342765,0,event venue
Kings Domain:  KD - Lawn 6,event venue,87.8359753,0,event venue
Other Park Locations:  Eades Park,event venue,28.88152155,0,event venue
Other Park Locations:  Weedon Reserve,event venue,29.98397741,0,event venue
Fawkner Park:  FP - Cordner_T1_T2_T3_F2_Ct3,event venue,0.0,0,event venue
Royal Park:  RP - Lawn 6_Walker East_Ct2,event venue,0.0,0,event venue
Fawkner Park:  FP - Lawn 21_T8_S3,event venue,0.0,0,event venue
Kings Domain:  KD - Lawn 9/Pillars of Wisdom,event venue,0.0,0,event venue
Other Park Locations:  Golden Elm Triangle Reserve,event venue,12.70122202,0,event venue
Carlton Gardens:  CG - Lawn 5,event venue,0.0,0,event venue
Fitzroy Gardens:  FT- Lawn 28,event venue,80.84212407,0,event venue
Kings Domain:  KD - Lawn 2,event venue,0.0,0,event venue
Other Park Locations:  Railway & Miller St Reserve,event venue,21.27300622,0,event venue
Other Park Locations:  Argyle Square (South),event venue,53.36004813,0,event venue
Other Park Locations:  Hawke & Adderley Street Park,event venue,13.94508753,0,event venue
Holland Park:  HP - Extreme Sports Area,event venue,34.32973394,0,event venue
Princes Park:  PP -  S2,event venue,0.0,0,event venue
Docklands:  Parks:  Point Park,event venue,37.11110181,0,event venue
Birrarung Marr:  BM - Lower Terrace,event venue,0.0,0,event venue
Royal Park:  RP - Lawn 6_Brens Pavillion,event venue,2.43705273,0,event venue
Batman Park:  BP - Lawn1,event venue,58.90826433,0,event venue
Kings Domain:  KD - Lawn 5,event venue,0.0,0,event venue
Queen Victoria Gardens:  QV - Lawn 6,event venue,51.75918514,0,event venue
Docklands:  Parks:  Victoria Green,event venue,35.46487353,0,event venue
Docklands:  Parks:  Docklands Park,event venue,72.76344912,0,event venue
Alexandra Gardens:  AG - Lawn5/Engineers Lawn,event venue,49.28361121,0,event venue
Other Park Locations:  Bayswater Road Park,event venue,23.65235611,0,event venue
Other Park Locations:  Jolimont Reserve,event venue,9.69851734,0,event venue
Fawkner Park:  FP - Lawn 17_SB1_SB2_Ct2_S7,event venue,0.0,0,event venue
Carlton Gardens:  CG - Lawn 15/Exhibition Fountain,event venue,59.76575599,0,event venue
Flagstaff Gardens:  FG - Lawn 13,event venue,40.9784417,0,event venue
Fawkner Park:  FP - Lawn 2,event venue,75.91984284,0,event venue
Birrarung Marr:  BM - Upper Terrace,event venue,30.18759601,0,event venue
Alexandra Gardens:  AG - Star Lawn,event venue,91.31570746,0,event venue
Other Park Locations:  Riverside Park,event venue,0.0,0,event venue
Docklands:  All Other Spaces:  Victoria Harbour Promenade West,event venue,19.96470731,0,event venue
Fitzroy Gardens:  FT - Lawn 10/Stage Lawn,event venue,90.64589906,0,event venue
Docklands:  All Other Spaces:  Australia Wharf,event venue,88.43716039,0,event venue
Kings Domain:  KD - Lawn 1,event venue,0.0,0,event venue
Other Park Locations:  Sturt Street Reserve,event venue,36.46091337,0,event venue
Carlton Gardens:  CG - Lawn 18,event venue,0.0,0,event venue
Royal Park:  RP - Lawn 2_Native Grassland,event venue,0.0,0,event venue
Royal Park:  RP - Lawn 6_Smith Ct1_R1,event venue,0.0,0,event venue
Other Park Locations:  City Road Park,event venue,7.72514826,0,event venue
Docklands:  Promotional Sites:  3.New Quay Promenade East,event venue,12.64858209,0,event venue
Royal Park:  RP - Lawn 6_Walker West_Ct1,event venue,0.0,0,event venue
Fitzroy Gardens:  FT - Lawn 17/Fairies Tree,event venue,34.12994643,0,event venue
Queen Victoria Gardens:  QV - Lawn 8/Janet Lady Clarke Rotunda,event venue,97.14148642,0,event venue
Fitzroy Gardens:  FT - Lawn 16/Plane Trees Walk,event venue,0.0,0,event venue
Treasury Gardens:  TG - Lawn 4,event venue,0.0,0,event venue
Fitzroy Gardens:  FT - Lawn 19,event venue,85.63768375,0,event venue
Other Park Locations:  Grant St Reserve,event venue,8.22487985,0,event venue
Other Park Locations:  University Square,event venue,65.5112548,0,event venue
Other Park Locations:  Normanby Road Reserve,event venue,14.63335226,0,event venue
Other Park Locations:  Errol St Reserve,event venue,32.62300772,0,event venue
Other Park Locations:  North Melbourne Recreation Reserve,event venue,0.0,0,event venue
"Other Park Locations:  Hawke, King & Victoria St Reserve",event venue,3.71520312,0,event venue
Fitzroy Gardens:  FT - Lawn 12,event venue,0.0,0,event venue
Fawkner Park:  FP - Lawn 13_SB9_SB10_Cs7_SUB3,event venue,0.0,0,event venue
Other Park Locations:  Murchison Square,event venue,24.86003702,0,event venue
Other Park Locations:  Lincoln Square - includes Bali Memorial,event venue,82.9730718,0,event venue
Fitzroy Gardens:  FT- Lawn 18/Temple of the Winds,event venue,96.01036777,0,event venue
Fawkner Park:  FP - Lawn 14_SUB2_Grass Netball Courts,event venue,0.0,0,event venue
Princes Park:  PP - Lawn 6,event venue,61.44025708,0,event venue
Kings Domain:  KD - Lawn 12,event venue,0.0,0,event venue
Flagstaff Gardens:  FG - Lawn 12,event venue,0.0,0,event venue
Newmarket Reserve:  Newmarket Pavilion,event venue,53.29046812,0,event venue
Fitzroy Gardens:  FT - Lawn 21,event venue,84.89156771,0,event venue
Fitzroy Gardens:  FT - Lawn 11/Dolphin Fountain/Bronze Boy & Urn,event venue,0.0,0,event venue
Promotional Spaces:  Southbank Spillway,event venue,81.022573,0,event venue
Fawkner Park:  FP - Northern Pavilion East,event venue,3.99128603,0,event venue
Fawkner Park:  FP - Lawn 19 South_ T4_Ct5_S6,event venue,0.0,0,event venue
Other Park Locations:  Clunies Ross Reserve (The Avenue),event venue,39.4869707,0,event venue
Other Park Locations:  Clayton Reserve,event venue,42.40450422,0,event venue
Princes Park:  PP - Jogging Track,event venue,0.0,0,event venue
Fitzroy Gardens:  FT - Lawn 20,event venue,74.99067918,0,event venue
Fitzroy Gardens:  FT - Lawn 23,event venue,75.69132777,0,event venue
Royal Park:  RP - Ross Straw Pavilion,event venue,1.92265838,0,event venue
Docklands:  Parks:  Buluk Park,event venue,36.44455572,0,event venue
Promotional Spaces:  Melbourne Central Station - Swanston Street,event venue,18.70816243,0,event venue
Tom's Block:  Tom's Block,event venue,0.0,0,event venue
Royal Park:  RP - Lawn 9_Ransford Ct_F2_L3,event venue,0.0,0,event venue
Fitzroy Gardens:  FT - Lawn 9/Old Bandstand,event venue,0.0,0,event venue
Royal Park:  RP - Lawn 6_Walker_M1,event venue,0.0,0,event venue
Fawkner Park:  FP - Lawn 16 South West_Cs4_S1,event venue,0.0,0,event venue
Promotional Spaces:  Parliament Station,event venue,36.986586,0,event venue
Royal Park:  RP - Ross Straw Field 1 Nth_Ct,event venue,0.0,0,event venue
Flagstaff Gardens:  FG - Lawn 1,event venue,64.79969374,0,event venue
Kings Domain:  KD - Grotto,event venue,0.0,0,event venue
Fitzroy Gardens:  FT - Lawn 7,event venue,0.0,0,event venue
Carlton Gardens:  CG - Lawn 17,event venue,72.92859882,0,event venue
Docklands:  All Other Spaces:  NAB forecourt,event venue,67.23392979,0,event venue
Alexandra Gardens:  AG - Dorchester Lawn,event venue,24.78418123,0,event venue
Kings Domain:  KD - Pioneer Women's Memorial,event venue,0.0,0,event venue
Other Park Locations:  Canning St Reserve (Neill St),event venue,11.21226994,0,event venue
Flagstaff Gardens:  FG - Lawn 7/Outdoor Stage,event venue,98.30666989,0,event venue
Princes Park:  PP - Ct1_F1,event venue,0.0,0,event venue
Other Park Locations:  Burston Reserve,event venue,16.24877343,0,event venue
Carlton Gardens:  CG - Lawn 19,event venue,89.93045975,0,event venue
Fitzroy Gardens:  FT - Lawn 30,event venue,78.77163579,0,event venue
Other Park Locations:  Wildlife Reserve,event venue,99.1742364,0,event venue
Fawkner Park:  FP - Lawn 20 West_T9_T6_Cs1_M1,event venue,0.0,0,event venue
Alexandra Gardens:  AG - Palm Lawn,event venue,90.69921323,0,event venue
Princes Park:  PP - Nets (2) Tennis Courts,event venue,0.0,0,event venue
Holland Park:  HP - Ct_F1,event venue,93.93444073,0,event venue
Fawkner Park:  FP - Lawn 18_SB4_SB3_S4,event venue,0.0,0,event venue
Other Park Locations:  Gardiner Reserve,event venue,29.86978579,0,event venue
Royal Park:  RP - Lawn 13_Flem Road_Cs1_S3,event venue,0.0,0,event venue
Royal Park:  RP - Lawn 6_Brens Ct_F4,event venue,0.0,0,event venue
Carlton Gardens:  CG - Lawn 1,event venue,76.41511683,0,event venue
Other Park Locations:  Howard & William St Reserve,event venue,19.5985749,0,event venue
Promotional Spaces:  Southbank Pedestrian Bridge,event venue,22.26558689,0,event venue
Docklands:  All Other Spaces:  Collins Landing,event venue,39.12898723,0,event venue
Treasury Gardens:  TG - Lawn 5/JFK Memorial,event venue,85.55440357,0,event venue
Kings Domain:  KD - Lawn 7/Gazebo,event venue,84.90757598,0,event venue
Kings Domain:  KD - Lawn 3,event venue,0.0,0,event venue
Docklands:  Promotional Sites:  2.Harbour Esplanade North,event venue,15.01484336,0,event venue
Fawkner Park:  FP - Lawn 16 North East_SB5_Cs5,event venue,0.0,0,event venue
Treasury Gardens:  TG - Lawn 7,event venue,81.34633198,0,event venue
Queen Victoria Gardens:  QV - Lawn 2,event venue,64.32289021,0,event venue
Other Park Locations:  Gordon Reserve,event venue,63.08410675,0,event venue
Promotional Spaces:  Flinders St Station,event venue,3.57963057,0,event venue
Carlton Gardens:  CG - Lawn 2,event venue,0.0,0,event venue
Carlton Gardens:  CG - Lawn 4,event venue,0.0,0,event venue
Royal Park:  RP - Lawn 9_Ryder Ct_S1,event venue,0.0,0,event venue
Promotional Spaces:  City Square,event venue,15.78783315,0,event venue
Promotional Spaces:  Melbourne Central Station - Elizabeth Street,event venue,20.15941462,0,event venue
Carlton Gardens:  CG - Lawn 12,event venue,78.59724285,0,event venue
Royal Park:  RP - Ross Straw Field S5 (on Ross Straw BB),event venue,63.14398009,0,event venue
Other Park Locations:  Women's Peace Garden,event venue,38.73435411,0,event venue
Royal Park:  RP - Ross Straw Field B2 West,event venue,0.0,0,event venue
Royal Park:  RP - Lawn 6_Bourke and Wills,event venue,57.88822249,0,event venue
Newmarket Reserve:  Newmarket Ct_S,event venue,0.0,0,event venue
Other Park Locations:  Macarthur Square,event venue,10.18379338,0,event venue
Fitzroy Gardens:  FT - Lawn 25,event venue,35.42281515,0,event venue
Princes Park:  PP - Lawn 1_S4,event venue,0.0,0,event venue
Other Park Locations:  Bellair Street Reserve,event venue,28.99477839,0,event venue
Kings Domain:  KD - Lawn 4,event venue,38.86214775,0,event venue
Royal Park:  RP - Ross Straw Field 2 Sth_Ct,event venue,0.0,0,event venue
Carlton Gardens:  CG - Lawn 11,event venue,54.57055686,0,event venue
Fitzroy Gardens:  FT - Lawn 26,event venue,32.2586383,0,event venue
Fawkner Park:  FP - Lawn 3,event venue,95.92767716,0,event venue
Princes Park:  PP -  S3,event venue,0.0,0,event venue
Docklands:  All Other Spaces:  Victoria Harbour Promenade East,event venue,98.94673731,0,event venue
Fitzroy Gardens:  FT - Lawn 29,event venue,0.0,0,event venue
Other Park Locations:  Toorak & St Kilda Road,event venue,31.95759795,0,event venue
Fawkner Park:  FP - Lawn 19 North_SB8_Ct1_S8_F1,event venue,0.0,0,event venue
Holland Park:  HP - Football 2_Cs1,event venue,0.0,0,event venue
Other Park Locations:  Bedford Street Reserve,event venue,13.33835688,0,event venue
Carlton Gardens:  CG - Lawn 9,event venue,0.0,0,event venue
Holland Park:  HP - Soccer_Cs2_ Synthetic,event venue,0.0,0,event venue
Holland Park:  HP - Running Track,event venue,0.0,0,event venue
Fitzroy Gardens:  FT - Lawn 24/Boy on a Turtle,event venue,51.77449546,0,event venue
Other Park Locations:  Stapley Parade Reserve,event venue,0.0,0,event venue
Fawkner Park:  FP - Lawn 16 South East_T10_S5,event venue,0.0,0,event venue
Kings Domain:  KD - Lawn 13,event venue,90.53486025,0,event venue
Docklands:  Parks:  Quay Park,event venue,20.12623365,0,event venue
Other Park Locations:  Ievers Reserve,event venue,63.2028553,0,event venue
Fawkner Park:  FP - Lawn 22_Cs3_S2,event venue,77.17142923,0,event venue
Royal Park:  RP - Lawn 9_McAlister Ct_F3,event venue,0.0,0,event venue
Princes Park:  PP - Lawn 2_Summer Touch (6),event venue,0.0,0,event venue
Enterprise Park:  EP - Lawn 2,event venue,51.92617301,0,event venue
Other Park Locations:  Miles & Dodds St Reserve,event venue,1.87644942,0,event venue
Fawkner Park:  FP - Southern Pavilion Social Area,event venue,3.76647007,0,event venue
Other Park Locations:  Gillott Reserve,event venue,14.50985324,0,event venue
Carlton Gardens:  CG - Lawn 21,event venue,0.0,0,event venue
Queen Victoria Gardens:  QV - Lawn 11/Floral Clock,event venue,0.0,0,event venue
Princes Park:  PP - Lawn 5 (DOG OFF LEASH),event venue,0.0,0,event venue
Carlton Gardens:  CG - Lawn 3,event venue,73.72515164,0,event venue
Other Park Locations:  Argyle Square Stage Only,event venue,61.96847942,0,event venue
Other Park Locations:  Parliament Reserve,event venue,45.92665311,0,event venue
Alexandra Gardens:  AG - Henley Landing,event venue,0.0,0,event venue
Other Park Locations:  Hardy Reserve,event venue,41.56399607,0,event venue
Fawkner Park:  FP - Southern Pavilion Changerooms,event venue,3.76647007,0,event venue
Other Park Locations:  Wellington Park,event venue,10.56411163,0,event venue
Princes Park:  PP - Ct2,event venue,0.0,0,event venue
Docklands:  Promotional Sites:  4.New Quay Promenade West,event venue,21.63246747,0,event venue
"Other Park Locations:  Hawke, Miller & Curzon St",event venue,8.84776937,0,event venue
Royal Park:  RP - Lawn 9_Western Ct_F1_L1_L2,event venue,0.0,0,event venue
Other Park Locations:  Darling Square,event venue,40.2685501,0,event venue
Alexandra Gardens:  AG - Lawn2/Peppercorn Lawn,event venue,0.0,0,event venue
Other Park Locations:  Wellington Crescent,event venue,0.0,0,event venue
Carlton Gardens:  CG - Lawn 10/Dalai Lama Peace Garden,event venue,78.56806687,0,event venue
Other Park Locations:  Pleasance Gardens,event venue,6.92606023,0,event venue
Other Park Locations:  Southbank Promenade - grass area,event venue,62.39325145,0,event venue
Other Park Locations:  Peppercorn Park,event venue,22.95735819,0,event venue
Fawkner Park:  FP - Lawn 20 East_T5_T7_M2_Ct4,event venue,0.0,0,event venue
Royal Park:  RP - Poplar Pavilion,event venue,6.46392703,0,event venue
Other Park Locations:  St Paul's Cathedral,event venue,37.59494902,0,event venue
Docklands:  Promotional Sites:  5.Yarra's Edge (River Esplanade),event venue,38.02059687,0,event venue
Kings Domain:  KD - Lawn 8,event venue,0.0,0,event venue
Holland Park:  HP - Pavilion,event venue,0.0,0,event venue
Royal Park:  RP - Ross Straw Field B1 East,event venue,0.0,0,event venue
Other Park Locations:  Riverside Quay Reserve,event venue,12.28439378,0,event venue
Royal Park:  RP - Lawn 14_Poplar Cs_S2,event venue,79.76690737,0,event venue
Promotional Spaces:  Piazza Italia,event venue,53.1618369,0,event venue
Birrarung Marr:  BM - Middle Terrace,event venue,0.0,0,event venue
Princes Park:  PP - Lawn 3 / Northern CarPark,event venue,0.0,0,event venue
Fawkner Park:  FP - Lawn 15_SB7_SUB1,event venue,89.91851442,0,event venue
Other Park Locations:  Canning & Palmerston,event venue,10.15483954,0,event venue
Other Park Locations:  Powlett Reserve,event venue,70.42207444,0,event venue
Promotional Spaces:  Queensbridge Square,event venue,43.7550729,0,event venue
Fitzroy Gardens:  FT - Lawn 4,event venue,92.41920853,0,event venue
Kiku Cuernavaca,restaurant,Revolucion,medium,restaurant and food services
puesto de tacos,restaurant,esquina santos degollado y leon guzman,low,restaurant and food services
El Rincón de San Francisco,restaurant,Universidad 169,medium,restaurant and food services
little pizza Emilio Portes Gil,restaurant,calle emilio portes gil,low,restaurant and food services
carnitas_mata,restaurant,lic. Emilio portes gil,medium,restaurant and food services
Restaurant los Compadres,restaurant,Camino a Simon Diaz 155 Centro,high,restaurant and food services
Taqueria EL amigo ,restaurant,Calle Mezquite Fracc Framboyanes,low,restaurant and food services
shi ro ie,restaurant,?,high,restaurant and food services
Pollo_Frito_Buenos_Aires,restaurant,tampico,low,restaurant and food services
la Estrella de Dimas,restaurant,Villa de Pozos 192 Villa de Pozos,medium,restaurant and food services
Restaurante 75,restaurant,Villa de Pozos 4497 Villa de Pozos,medium,restaurant and food services
Abondance Restaurante Bar,restaurant,Industrias 908 Valle Dorado,low,restaurant and food services
El angel Restaurante,restaurant,Venustiano Carranza 1625 Jardin,high,restaurant and food services
Restaurante Pueblo Bonito,restaurant,Mexico 2015 Providencia,high,restaurant and food services
Mcdonalds Parque Tangamanga,restaurant,Lateral Salvador Nava Martinez 3145,medium,restaurant and food services
Tortas y hamburguesas el gordo,restaurant,Ricardo B. Anaya,low,restaurant and food services
Sirlone,restaurant,carr. mexico,medium,restaurant and food services
rockabilly ,restaurant,agustin de iturbide,low,restaurant and food services
Unicols Pizza,restaurant,Plaza del Carmen,low,restaurant and food services
TACOS EL GUERO,restaurant,?,low,restaurant and food services
Restaurant El Muladar de Calzada,restaurant,De Guadalupe 460 San Miguelito,medium,restaurant and food services
La Posada del Virrey,restaurant,Av. V. Carranza,high,restaurant and food services
Restaurant and Bar and Clothesline Carlos N Charlies,restaurant,Domingo 10 711 El Empleado,high,restaurant and food services
KFC,restaurant,?,low,restaurant and food services
Giovannis,restaurant,40 Norte Civac 1RA. Seccion,low,restaurant and food services
Restaurant Oriental Express,restaurant,Tangamanga 7 Tangamanga,medium,restaurant and food services
Mariscos Tia Licha,restaurant,avenida salvador montiel ,medium,restaurant and food services
cafe ambar,restaurant,?,low,restaurant and food services
Restaurante la Gran Via,restaurant,Venustiano Carranza 560 Centro,high,restaurant and food services
don burguers,restaurant,r.b. anaya esq. florencia,low,restaurant and food services
Restaurante y Pescaderia Tampico,restaurant,Ricardo B. Anaya 2700 Estrella de Oriente,high,restaurant and food services
Rincon del Bife,restaurant,?,high,restaurant and food services
La Fontana Pizza Restaurante and Cafe,restaurant,Satelite 606 Satelite,high,restaurant and food services
Restaurante la Estrella de Dima,restaurant,Soledad Sn Arboledas de Soledad,high,restaurant and food services
El Rincon de San Francisco,restaurant,1a. de Lozada 1,medium,restaurant and food services
Preambulo Wifi Zone Cafe,restaurant,Anahuac 805,medium,restaurant and food services
El Herradero Restaurante and Bar,restaurant,Costado Sur Central Camionera Km 2,medium,restaurant and food services
Koye Sushi,restaurant,Nereo Rodriguez Barragan 450 E Centro,high,restaurant and food services
Restaurant Teely,restaurant,La Pradera,high,restaurant and food services
la parroquia,restaurant,venustiano carranza,medium,restaurant and food services
Luna Cafe,restaurant,Francisco I. Madero 215,medium,restaurant and food services
Hamburguesas La perica,restaurant,cd. mier,low,restaurant and food services
Restaurante El Reyecito,restaurant,Agricultura 595 del Valle,medium,restaurant and food services
churchs,restaurant,?,low,restaurant and food services
Dominos Pizza,restaurant,Ricardo B. Anaya,medium,restaurant and food services
el pueblito,restaurant,?,medium,restaurant and food services
emilianos,restaurant,venustiano carranza,low,restaurant and food services
Restaurant Bar Hacienda los Martinez,restaurant,Santos Degollado 745 los Alamitos,medium,restaurant and food services
Vips,restaurant,Emiliano Zapata No. 825 Tlaltenongo,medium,restaurant and food services
Restaurante Alhondiga,restaurant,Alhondiga 62 Centro,medium,restaurant and food services
los Toneles,restaurant,Estatuto Juridico 1040 Burocratas,high,restaurant and food services
Restaurant los Pinos,restaurant,Federal Mexico - Acapulco 10 3 de Mayo,medium,restaurant and food services
Restaurante Guerra,restaurant,20 de Noviembre 1817 Tlaxcala,high,restaurant and food services
Michiko Restaurant Japones,restaurant,Cordillera de Los Alpes 160 Lomas 2 Seccion,medium,restaurant and food services
Restaurante Marisco Sam,restaurant,Ignacio Allende 785 Centro,medium,restaurant and food services
la Cochinita Pibil Restaurante Yucateco,restaurant,Venustiano Carranza 2175 Jardin,high,restaurant and food services
Potzocalli,restaurant,Carretera Central Sn,low,restaurant and food services
Restaurante la Parroquia Potosina,restaurant,Venustiano Carranza 303 Centro,high,restaurant and food services
El Oceano Dorado,restaurant,Libramiento Burgos Colonia Las Animas,medium,restaurant and food services
Restaurante El Chivero S.A. de C.V.,restaurant,Angel Veral 328 Altamira,high,restaurant and food services
Restaurant la Chalita,restaurant,Guajardo Sn San Luis Potosi Centro,medium,restaurant and food services
El Club,restaurant,Mexico 810 Centro,medium,restaurant and food services
Gordas de morales,restaurant,?,medium,restaurant and food services
Restaurante Versalles,restaurant,Francisco I. Madero 145 Centro,low,restaurant and food services
Subway,restaurant,Rio Mayo 17 Vista Hermosa,low,restaurant and food services
La Cantina Restaurante,restaurant,Ignacio Aldama 300 Centro,high,restaurant and food services
Cenaduria El RincÃ³n de Tlaquepaque,restaurant,av. seminario,medium,restaurant and food services
Los Vikingos,restaurant,36 Sur Civac,medium,restaurant and food services
Hamburguesas Valle Dorado,restaurant,Av. Coral,low,restaurant and food services
la Cantina,restaurant,Capitan Caldera No. 420 Tequisqueapan,high,restaurant and food services
dairy queen,restaurant,?,low,restaurant and food services
Arrachela Grill,restaurant,69 Tres De Mayo,medium,restaurant and food services
vips,restaurant,?,medium,restaurant and food services
palomo tec,restaurant,blvrd emilio portes gil,low,restaurant and food services
Restaurante Casa de las Flores,restaurant,General Mariano Arista 1205 Barrio de Tequisquiap,high,restaurant and food services
VIPS,restaurant,NICOLAS ZAPATA 300,low,restaurant and food services
TACOS CORRECAMINOS,restaurant,?,low,restaurant and food services
Restaurant Wu Zhuo Yi,restaurant,Himno Nacional 100 Avenida,medium,restaurant and food services
El Mundo de la Pasta,restaurant,Rio Papaloapan 265 Lomas de San Luis (3),high,restaurant and food services
Restaurante la Cantina,restaurant,De La Estrella 2005 Estrella de Oriente,medium,restaurant and food services
Gorditas Doa Gloria,restaurant,sevilla y olmedo 715 a,low,restaurant and food services
el lechon potosino ,restaurant,circuito oriente esq. carretera 57,low,restaurant and food services
Restaurante Bar Fu-hao,restaurant,Jesus Goytortua 390 Tangamanga,high,restaurant and food services
tortas hawai,restaurant,?,medium,restaurant and food services
Carls Jr,restaurant,Av. V. Carranza,medium,restaurant and food services
Hamburguesas saul,restaurant,Av. Saan Luis enttre moctezuma y salinas,low,restaurant and food services
Carreton de Flautas y Migadas,restaurant,?,low,restaurant and food services
Rincon Huasteco,restaurant,?,low,restaurant and food services
El cotorreo,restaurant,Emiliano Zapata Col. Tres de Mayo,low,restaurant and food services
Gorditas Dona Tota,restaurant,Zaragoza entre Francisco Zarco y Lopez Velarde,medium,restaurant and food services
Pizzeria Julios,restaurant,?,medium,restaurant and food services
Chilis Cuernavaca,restaurant,Rio Mayo Colonia Vista Hermosa Esq. Rio Balsas,medium,restaurant and food services
Cafe Chaires,restaurant,?,low,restaurant and food services
tacos los volcanes,restaurant,avenida hivno nacional,low,restaurant and food services
Little Cesarz,restaurant,?,medium,restaurant and food services
cafe punta del cielo,restaurant,?,medium,restaurant and food services
tacos de la estacion,restaurant,?,low,restaurant and food services
Restaurant Orizatlan,restaurant,Pascual M. Hernandez 240,medium,restaurant and food services
Restaurant Familiar El Chino,restaurant,Paseo de las Fuentes,medium,restaurant and food services
Restaurant de Mariscos de Picon,restaurant,Miguel Barragan 46 Centro,low,restaurant and food services
Sanborns Casa Piedra,restaurant,Lomas del Mirador,medium,restaurant and food services
La Estrella de Dimas,restaurant,Av. de los Pintores,medium,restaurant and food services
pizza clasica,restaurant,524 Soledad de Graciano Sanchez,medium,restaurant and food services
Carnitas Mata  Calle 16 de Septiembre,restaurant,16 de Septiembre,low,restaurant and food services
Restaurante de Mariscos la Langosta,restaurant,Cordillera de Los Alpes 675 Loma Verde,medium,restaurant and food services
Restaurante Bar El Gallinero,restaurant,Pascual M. Hernandez 210 Centro,high,restaurant and food services
puesto de gorditas,restaurant,frente al tecnologico,low,restaurant and food services
Log Yin,restaurant,?,low,restaurant and food services
Mariscos El Pescador,restaurant,Himno Nacional 2104 Tangamanga,medium,restaurant and food services
carnitas mata calle Emilio Portes Gil,restaurant,Emilio Portes Gil,low,restaurant and food services
crudalia,restaurant,?,low,restaurant and food services
tacos de barbacoa enfrente del Tec,restaurant,?,low,restaurant and food services
Restaurant Las Mananitas,restaurant,Ricardo Linares 107,high,restaurant and food services
Restaurante El Cielo Potosino,restaurant,Julian de Los Reyes 400 Centro,medium,restaurant and food services
Mikasa,restaurant,Himno nacional esq. Blvd. Juarez,medium,restaurant and food services
Cafeteria cenidet,restaurant,Interior Internado Palmira SN,low,restaurant and food services
Restaurante Tiberius,restaurant,Munoz Sn Centro,medium,restaurant and food services
Cabana Huasteca,restaurant,Cuauhtemoc 455,medium,restaurant and food services
Gorditas Dona Tota,restaurant,?,medium,restaurant and food services
Cafeteria y Restaurant El Pacifico,restaurant,Constitucion 200 Centro,medium,restaurant and food services
La Virreina,restaurant,Av. Carranza 830,medium,restaurant and food services
Tortas Locas Hipocampo,restaurant,Venustiano Carranza 719 Centro,medium,restaurant and food services
tacos abi,restaurant,?,low,restaurant and food services
la perica hamburguesa,restaurant,?,medium,restaurant and food services
McDonalds Centro,restaurant,Rayon sn col. Centro,low,restaurant and food services
Chaires,restaurant,Ricardo B. Anaya,medium,restaurant and food services
Sushi Itto,restaurant,Venustiano Carranza 1809 C Polanco,medium,restaurant and food services
Paniroles,restaurant,?,medium,restaurant and food services
Restaurant Bar Coty y Pablo,restaurant,Paseo de Las Fuentes 24 Pedregal de Las Fuentes,low,restaurant and food services
sirloin stockade,restaurant,?,low,restaurant and food services
