Id,Name,Description,Tel,Add,Zipcode,Opentime,Map,Px,Py,Class,Website,Parkinginfo,Changetime
E3_382000000A_208174,The Red Castle,"Coffee and Fine Dining in a Colonial BuildingThe Red Castle is over 100 years old. It was built in 1899 and used to belong to shipping company millionaire Yi Lee. In 2000, it was refitted to become a restaurant. The exterior is built with red bricks and arched corridors. This is the building’s unique structure.",886-2-86311168,"6 2nd Alley, Sanmin Street, Tamsui District, , Tamsui Dist., New Taipei City Taiwán, R.O.C",251,12:00 - 20:00 / Weekend 11:00 - 21:00,,121.43941,25.17114,09,,,25/7/2020 15:11
E3_382000000A_208270,Feng Hua Restaurant,"With clean and quiet environment, modern and Zen style, the restaurant mainly offers Jiangsu and Zhejiang Cuisine. The famous food are Baked Shallot Chop, Wuxi Chop, Radish Beef and others. You would never want to miss the surprised daily cold meats.",886-2-82529789,"No.209, Sec. 2, Shuangshi Rd., ,  220, Taiwan, Banqiao Dist., New Taipei City Taiwán, R.O.C",220,11:30-14:00、17:30-21:00,,121.4731,25.02888,09,,,11/6/2019 15:36
E3_382000000A_208271,Hong Kong Chen's gruel and noodle.,"Standard Hong Kong style gruel, boil with smal fire for more than 4 hours until the rice becomes soft, and more than 10 kinds of tastes You may enjoy every minute as you eat.","886-2-29215595,886981065813","No.46, Zhulin Rd., ,  234, Taiwan, Yonghe Dist., New Taipei City Taiwán, R.O.C",234,11:00~14:00 17:00~20:30 cloesd on Wed.,,121.51759,25.01424,09,,,25/6/2018 11:14
E3_382000000A_208285,Zhening Jia Garden Restaurant,The owner has over 30 years of experience preparing authentic Zhejiang and Ningbo dishes. His expertise creates delicious dishes that one will always remember.,886-2-26363131,"No.70, Sec. 1, Zhongshan Rd., ,  252, Taiwan, Sanzhi Dist., New Taipei City Taiwán, R.O.C",252,Wed. - Sun.11:00~14:00 17:00~21:00 closed on Mon. and Tue.,,121.50397,25.25784,09,,,11/6/2019 17:22
E3_382000000A_208464,Fu Zhou Lin Pepper Bun,"Legend has it that Fu Zhou China's ""Green onion meat bun"" is actually the ancestor of Taiwan's famous pepper bun, and that explains why Taiwan's pepper buns are filled with large quantities of green onions.",886-2-24968372,"Minsheng St. (inside the Food Street), Ruifang Dist., New Taipei City Taiwán, R.O.C",224,10:30 ~ 19:00 (bi-weekly Tuesday Closed),,121.80563,25.10683,09,,,27/10/2021 14:21
E3_382000000A_402751,China Spice,Serving traditional Jiang-Nan and a perfect mixture with local cuisine using only the freshest product to produce a mix of indulgent authentic favourites as well as exciting Chinese fusion dishes.,886-2-77276988,"2nd Floor, No. 1 Section, Wenhua 3rd Road, Linkou District, , Linkou Dist., New Taipei City Taiwán, R.O.C",244,11:30 - 14:00 、17:30 - 21:00,,121.36088,25.06609,09,,,7/10/2021 19:55
E3_382000000A_208160,Weng Meiyu Malt,"The molasses melts in your mouth and the sugary malt aroma holds on the palate for a long time, bringing back childhood memories with the candy. The boss of Weng Meiyu uses traditional method to  create  each  and  every  batch.","886-2-29923886,886229928239","Number 128 Sinjhuang Road, , New Taipei, Xinzhuang Dist., New Taipei City Taiwán, R.O.C",242,Mon. - Fri. 08:30~17:00 Sat.8:30-12:00,,121.45571,25.03581,09,,,9/11/2019 16:33
E3_382000000A_208224,Osmanthus Farm,"Special Recommendations: Preserved Osmanthus Petals in Ice Sugar, Lotus Root in Preserved Sweet Osmanthus Petals",886-2-26634011,"No.4, Xinxingkeng, , , Shiding Dist., New Taipei City Taiwán, R.O.C",223,The shop is closed on Monday. / Tue. ~ Fri.11:00-18:00 / Weekend 11:00-20:00,,121.65361,25.01671,09,,,7/10/2021 10:50
E3_382000000A_208316,Sanzhi Pigs Light Meal Restaurant,"Sanzhi Pigs ran from Sanzhi to Shimen, with cute pig bottoms on the counters. You can also find popular freshly baked cheesecake and toast here.",886-2-26380130,"No.58-8, Kanzijiao, ,  253, Taiwan, Shimen Dist., New Taipei City Taiwán, R.O.C",253,Mon. - Fri.11:00~19:00  Weekend 11:00~18:00,,121.53071,25.28672,09,,,30/5/2022 14:01
E3_382000000A_208323,Jiuliaopo Ranch green tea rice,"To taste this dish, you need to add green tea seed oil into freshly made rice and blend well. The taste has a tea fragrance and it is not greasy.",886-2-26631886,"No.226, Sec. 1, Dingping Rd., Shihding Dist.,  22342, Taiwan , Shiding Dist., New Taipei City Taiwán, R.O.C",223,11:00-20:00 /The shop is closed on Wednesday.,,121.67461,24.98081,09,,,25/7/2020 11:55
E3_382000000A_208372,Flower fairy cafe',A large painting by Van Gogh hung on the wall will come into your eyes as soon as you enter the cafe decorated with European style. The dishes offered are a combination of Taiwan ans European styles. It is a good place for relaxation.,"886-2-86303773,886286303033","No.53, Guanhai Bivd., Bali Dist  249, Taiwan, Bali Dist., New Taipei City Taiwán, R.O.C",249,11:30 - 14:30、16:30 - 21:00,,121.42797,25.16164,09,,,28/9/2022 14:18
E3_382000000A_208377,Jinshan Duck Meat,The owner insists on using mature ducks farmed for 130 days and demands the preservation of its original flavor in the process of cooking. The ducks sold here are all freshly killed and sold. The delicious duck meat is impressive and memorable.,886-2-24981656,"No. 104, jinbauli St., ,  208, Taiwan, Jinshan Dist., New Taipei City Taiwán, R.O.C",208,09:00~18:30,,121.63835,25.22194,09,,,9/11/2019 16:21
E3_382000000A_208435,Baoyun Taro Balls shop,"Recommended ProductsTofu pudding with taro balls, herbal jelly pudding with taro balls, fresh milk with tofu pudding, tian bu laBaoyun is the name of a 97-year-old grandma who still possesses the beautiful traits of a traditional Taiwanese woman.",886-2-24974268,"No.8, Rueifang St., Rueifang Dist.,  22441, Taiwan, Ruifang Dist., New Taipei City Taiwán, R.O.C",224,09:00 - 20:00,,121.80671,25.10991,09,,,25/7/2020 11:57
E3_382000000A_208458,Feng Wei Pork thick soup,"Towards the end of the 1960's, Ruifang and the nearby Houtong area were prosperous mining towns. The 1st-generation boss of ""Feng Wei Pork thick soup"" came from Sandiaoling and decided to settle down in Ruifang. Utilizing his culinary skills garnered from a stint in a big city hotel, he saw the potential of pork thick soup in the Ruifang market.","886-2-24979233,886920312468","Minsheng St., , , Ruifang Dist., New Taipei City Taiwán, R.O.C",224,08:00 - 15:00,,121.80563,25.10683,09,,,27/10/2021 14:21
E3_382000000A_208627,Liao Mucheng Century-Old Shop One-Bite Cake,"Recommended ProductsDifferent flavors of one-bite cakes and spring field pizza (available in winter only)The one-bite cake has different names in Chinese, including cake dumpling, dragon cake, or mille feuille (one thousand layers). It is a kind of moon cake-like Taiwanese cake with either sweet or salty stuffing.",886-2-24965038,"No.129, Jishan St., Rueifang Dist.,  22448, Taiwan, Ruifang Dist., New Taipei City Taiwán, R.O.C",224,09：00~21：00,,121.84411,25.10849,09,,,25/7/2020 11:58
E3_382000000A_208833,Fuchang Shop(Tea Leaf pork meatball Soup),"Another Pinglin specialty is tea leaf pork meatball soup. First, the tea leaves used areis selected and grounded into a fine powder, then it is added to top quality minced pork. Aficionados say the two ingredients make a perfect pair. The finished tea leaf pork meatballs have a unique texture that is crispy and springy, and the taste is more refreshing and less oily than traditional pork...","886-2-26656219,886226656902","No.18, Pinglin St., , , Pinglin Dist., New Taipei City Taiwán, R.O.C",232,08:00 - 22:00,,121.71206,24.93635,09,,,25/7/2020 15:04
E3_382000000A_208345,Mountain Legends,"Culinary art knows no boundaries. It is an ulimate enjoyment to savor delicious dishes in the natural environment of Shenkeng. Steaks, BBQ, buﬀets or outdoor karaoke and party food are all the delicacies to please the eyes and mouths.",886-2-26620153,"No.51, Fengge St., ,  222, Taiwan, Shenkeng Dist., New Taipei City Taiwán, R.O.C",222,Tue. ~ Fri. 12:00 - 20:00 / Weekend 12:00 - 20:00 / The shop is closed on Monday.,,121.62725,25.01698,09,,,25/7/2020 14:33
E3_382000000A_208382,Jinshan Chongyu Restaurant,"The first rolled pastry and meat pastry shop on Jinshan Street, this restaurant offers juicy pork and beef pastries, a delicacy widely acclaimed by those who have tasted it. The specially made salted chicken, pickled cabbage, and ferns are all very tasty as well.","886-2-24988953,886224982345","No.203, Zhongshcn Rd., ,  208, Taiwan, Jinshan Dist., New Taipei City Taiwán, R.O.C",208,11:00 - 14:00、16:30 - 20:30 (The shop is closed on Tuesday),,121.63798,25.22132,09,,,25/7/2020 14:20
E3_382000000A_208311,Yingge Xiangxiang Dumpling Shop,"The big, delicious handmade dumplings here are ﬁlled with fresh leeks and pork.：",886-2-26784919,"No.37 Nanya Rd., ,  239 Taiwan, Yingge Dist., New Taipei City Taiwán, R.O.C",239,11:00-19:30,,121.34886,24.95419,09,,,9/11/2019 16:32
E3_382000000A_208371,She's Green Mussel,The store has a history of 20 years. Green Mussel and various seashell food and other dishes are served for your choice.Green Mussel and friend beef with onion are specially recommeded.,"886-2-26103103,886226101286","No.22, Duchuantou St., ,  249, Taiwan, Bali Dist., New Taipei City Taiwán, R.O.C",249,11:00 - 19:00(Closed on New Year's Eve),,121.43528,25.15867,09,,,25/7/2020 15:09
E3_382000000A_208620,Juisanfuli Restaurant,"Recommended ProductsSesame Chicken, Steamed Silky Fowl, Fujian Shark’s Fin Soup (Buddha Jumps Over the Wall), and Winter Melon Soup with ScallopAs to what the restaurant's name suggests, it was the employee's restaurant of Juisan Mining. During the Japanese colonial period, it was called Juisan Dining Hall. After the restoration of Taiwanese rule, it was renamed as Juisanfuli Restaurant.",886-2-24977056,"No. 45 Houtong Road, Houtong Borough, Ruifang District, , Ruifang Dist., New Taipei City Taiwán, R.O.C",224,"11:30 - 19:00 (Please make a reservation by phone,before who want to dine in the evening.)",,121.82988,25.08887,09,,,25/7/2020 14:55
E3_382000000A_208169,Baoan Medicine,"Three Generations of Herbal MedicineWalking  along  Tamsui Old Street, there is a shop filled with herbal medicine and  Buddhist  statues.  This  is the  100-year-old  Baoan  Medicine shop,which has been run for three generations. It is known as being the oldest medicine shop in Tamsui and Bali. They use decent materials to make health drinks.",886-2-26212650,"89 Zhongzheng Road, Tamsui District, , Tamsui Dist., New Taipei City Taiwán, R.O.C",251,08:00~21:00,,121.44049,25.16971,09,,,9/11/2019 16:36
E3_382000000A_208342,New Harbor Sea Food,"Over 40 years old, New Harbor Sea Food is one of the oldest restaurants in AoDi. Constantly introducing new dishes, the restaurant is highly popular. Sweet-and-sour eels and stirred-fried abalones are both signature dishes.",886-2-24901061,"No.60, Xingang St., ,  228, Taiwan, Gongliao Dist., New Taipei City Taiwán, R.O.C",228,11:00 - 20:30,,121.92696,25.05444,09,,,25/7/2020 15:01
E3_382000000A_208766,Red Vermicelli,"Handmade, colorful darker shade noodles are heated then carefully boiled so they remain firm, and simmered, braised chitterling is added that leaves people coming back for more.",886-2-26831626,"No. 22-5, Section 1, Baoan Street, Shulin District, , Shulin Dist., New Taipei City Taiwán, R.O.C",238,Tue. - Sat 14:00~23:00,,121.42735,24.99345,09,,,9/11/2019 16:32
E3_382000000A_208338,Shifang Tea Cuisine,The owner uses the zen-style of Japan’s Kaiseki cuisine in the dishes oﬀered in the store. There are over a hundred dishes that change with the seasons for the tourists to choose from.,886-2-26656309,"No. 92, Shuiliujiao Rd., ,  232, Taiwan, Pinglin Dist., New Taipei City Taiwán, R.O.C",232,11:00~20:30,,121.70877,24.935,09,,,9/11/2019 16:29
E3_382000000A_208343,Tofu & Old Mansion,"There are many posters of old Taiwanese movies and newspaper clips on the wall. This nostalgic restaurant oﬀers a clean and bright environment. The signature dishes are Beef & Sinky Tofu, Spicy Duck Blood Tofu Soup and braised bamboo shoots cooked with chicken broth and pork.","886-2-26622534,886226621508","No.140, Shenkeng St., ,  222, Taiwan, Shenkeng Dist., New Taipei City Taiwán, R.O.C",222,11:00 - 20:00 / Weekend 10:30-20:00,,121.61289,25.00118,09,,,25/7/2020 14:33
E3_382000000A_208462,Fu Gu Beef Noodles,"If the number of customers in a shop is an indication of the shop's popularity, then any shop that has customers ""anytime"" or ""always"" must be considered a good shop. Right around the corner in front of Rui Fang Train Station, there stands a three-window storefront. The store is always teeming with customers slurping the store's famous beef noodles.",886-2-24960567,"No.21, Minsheng St., , , Ruifang Dist., New Taipei City Taiwán, R.O.C",224,08:00 - 22:00,,121.80599,25.10758,09,,,25/7/2020 14:55
E3_382000000A_403034,Gao's Fried Fresh Squid,"A full bowl of fried fresh squid contains only two simple food ingredients, cabbage and squid; the aromatic fried cabbage has a crunchy texture and tastes sweet as well as the well-processed squid is crusty and chewy. Mixed with 4 seasonings, sour, sweet, salty, and spicy, the simple bowl of squid becomes very special.",886-2-29603503,"No.28, Gongkou Street, , , Banqiao Dist., New Taipei City Taiwán, R.O.C",220,Tuesday ~ Sunday 8:00-17:30. The shop is closed on Mondays and the Chinese New Year holidays from the prior day before the Chinese New Year's Eve to the 5th day of the 1st lunar month.,,121.4574,25.01026,09,,,27/12/2019 14:37
E3_382000000A_208207,Fumei Croissant Bakery,"The bona fide gift item to bring back from a trip to Sanxia is dozen or so Croissant (literally in Mandarin ""bull horns""). Tucked away in a lonely little alcove of Sanxia Market is Fumei Croissant Bakery-the ﬁrst shop to create the recipe for ""golden croissants"". They have a tender middle and a crispy exterior and taste buttery and by that virtue sell so well.",886-2-26711315,"No. 25 Sinyi Street, Sanxia Town, Taipei County, Sanxia Dist., New Taipei City Taiwán, R.O.C",237,"08:00 - 18:00 / The shop is closed on Monday.(Closed on New Year's Eve to the fourth day、Moon Festival、Dragon Boat Festival,and Tomb Sweeping Day.)",,121.37101,24.93543,09,,,25/7/2020 15:06
E3_382000000A_208615,Yaomei Agricultural Product Shop,"Recommended ProductsAlishan High-Mountain Tea, Handmade NougatA few steps from the intersection of Shuqi Road and Jishan Street, there is a log signboard reading (Yao Mei A Li Shan Wu Long Cha), Jiufen Yaomei Agricultural Product Shop. When turning to the other side of the signborad, a small aluminum doorplate from grandpa's time is spotted.","886-2-24965519,886933971379","No.146, Jishan St., ,  224, Taiwan, Ruifang Dist., New Taipei City Taiwán, R.O.C",224,09:00-19:00 or 20:00,,121.8433,25.10794,09,,,28/9/2021 10:58
E3_382000000A_208829,Wu Mama Handmade Dumplings,"When you visit Taishan you can find many inexpensive snacks. Although most are common, their preparation requires meticulous care. One well-known stand that serves fresh dumplings fitting this description is located on the second floor of the Taishan Public Market. The dumplings are highly praised, and customers often buy many boxes at a time.",886-2-29004135,"Floor 2, No. 212, Chuanxing Road, Taishan District, , Taishan Dist., New Taipei City Taiwán, R.O.C",243,07:00 - 13:00,,121.43364,25.05616,09,,,25/7/2020 15:08
E3_382000000A_208570,Jiufen Food Quiz Shop,"Recommended Productsfirst stinky tofu shop in Jiufen, bamboo rice, Taiwanese proverbsJiufen Food Quiz Shop was the first stinky tofu shop ever in Jiufen. Dozens of Taiwanese proverbs are posted on the walls as a way for customers to learn more about traditional Taiwanese wisdom.",886-2-24979473,"No. 106, Jishan St., ,  224, Taiwan, Ruifang Dist., New Taipei City Taiwán, R.O.C",224,11:00 -19:00 /Weekend  11:00 - 20:00,,121.84405,25.10854,09,,,25/7/2020 14:51
E3_382000000A_208283,Pizza Olmo,"The secret to wood-smoked pizza is the kiln built by the owner himself, with longan wood as fuel. The fruit scent add to the taste and crunchiness of pizza.",886-2-26366758,"No.46, Zhibo Rd., ,  252, Taiwan, Sanzhi Dist., New Taipei City Taiwán, R.O.C",252,Thu. -Mon.：11:30~19:30 Weekend 11:30-21:00  closed on Tue & Wed.,,121.50963,25.25874,09,,,9/11/2019 16:36
E3_382000000A_208165,Lee Noodles,"Take a left turn after you head out of Lane 410 and you'll see Lee Noodles about 50 m down the road. They are known for the way they cut the noodles. As they busily prepare the meals, you can see how the division of labor works. Some prepare ingredients, some cut them and some stir fry them.",886-9-52727616,"No. 404 Jinsin Street, Zhonghe  Dis t.,  New Taipei  City, Zhonghe Dist., New Taipei City Taiwán, R.O.C",235,"11:30-14:00, 17:00-23:00",,121.51265,24.98942,09,,,20/1/2017 7:39
E3_382000000A_208205,A-Po Sashimi,"A-Po Sashimi is a representative of the finest seafood available in Yingge. The place is always packed causing trafﬁc jams in Zhongjheng First Road. There is not a lot of variety on the menu with items such as Taiwanese style sashimi rolls that go well with a bowl of fresh miso soup. If that is not enough to eat, you can add some snack plates and refreshing chilled noodles.",886-2-26709345,"No. 63 Zhongjheng First Road, Yingge Town, Taipei County, Yingge Dist., New Taipei City Taiwán, R.O.C",239,24 hr.,,121.35222,24.95431,09,,,30/8/2018 17:52
E3_382000000A_208229,Ching Ching Restaurant,"Chef’s Specials: Shrimp Cake, Tomato Soup in Pork Rib Broth","886-2-22691127,886222696430","No.6, Sec. 3, Zhongyang Rd., , , Tucheng Dist., New Taipei City Taiwán, R.O.C",236,11:00-22:00 (Closed on the first day of the lunar year ),,121.43908,24.96981,09,,,28/6/2018 17:13
E3_382000000A_208320,Shiding Lindera Sausages,"“Lindera” is a kind of wild pepper spice. Hind leg meat of black pigs is used for a  ﬁrm taste, and the light lemon scent has a bit of lemongrass and ginger.",886-2-26633856,"No.6, Xiahengping, ,  223, Taiwan, Shiding Dist., New Taipei City Taiwán, R.O.C",223,Mon. - Fri. 11:00 - 17:30 / Weekend 09:00 - 17:30 / Close on Wed.,,121.66634,24.98625,09,,,11/6/2019 15:37
E3_382000000A_208642,Old Friends Sweet Taro Ball,"Recommended Productshandmade sweet taro ball, ginger tea sweet taro ball, mountain yam sweet taro ball, green tea sweet taro ballThere is a prominent yellow signboard which reads ""Old Friends Sweet Taro Balls"" not far from the entrance of Jishan Old Street (Jiudaoko), approximately 20 meters to the right.The Old Friends Sweet Taro Ball was founded in 1990.","886-2-24972600,886930275892","No. 4-3, Jishan St., , , Ruifang Dist., New Taipei City Taiwán, R.O.C",224,Mon-Fri 08:30 - 19:00 Sat-Sun 08:30 - 20:00,,121.8452,25.10961,09,,,25/6/2018 11:00
E3_382000000A_208830,De-li Service Station(Soy-Stewed Pork Knuckles),"Pinglin is a popular destination for cyclists and walkers because it offers a great environment for outdoor activities. When people are done with these exercises, they need good tasting food that can replenish their lost energy and fill their appetite. At moments like these, Soy-Stewed Pork Knuckle is a dish that cannot be missed.","886-2-26656232,886226656882","No.140, Shuiliujiao Road, , , Pinglin Dist., New Taipei City Taiwán, R.O.C",232,Weekday 08:30-18:00  Weekend 08:00-18:00 close on Thu.,,121.70894,24.93496,09,,,25/6/2018 11:12
E3_382000000A_208349,“Healthful＂ crisp roll,The owner of this shop tasted the custard crisp roll by accident when he was abroad. Since then he couldn't forget the taste. Then he began to do some research and invented the delicious “Healthful” crisp roll. There are six ﬂavors; people just couldn't help eaing one by one because it is so delicious.,886-2-29922348,"No.19, Touqian Rd., ,  242, Taiwan, Xinzhuang Dist., New Taipei City Taiwán, R.O.C",242,8:00~17:00 closed on Weekend,,121.46751,25.05222,09,,,25/6/2018 10:30
E3_382000000A_208355,Camellia Village herbal ice cream,"Four ﬂavors of herbal ice cream are provided for the customers to choose from: ginger  ﬂower, lavender, sunﬂower and rosemary.",886-2-24932631,"No.67, Meizhuxi, ,  227, Taiwan, Shuangxi Dist., New Taipei City Taiwán, R.O.C",227,08:00 - 17:00,,121.84641,25.03142,09,,,27/9/2021 13:39
E3_382000000A_208273,Xiaode Zhang Niuweng Mutton stove,"Chip mutton into small pieces, add red date, medlar and other 28 Chinese herbs, and stew with charcoal fire for more than 2 hours. The soup is sweet and nutritious; the mutton is tender and inexhaustible after taste.",886-2-29275550,"No.89, Sec. 1, Zhongshan Rd., ,  234, Taiwan, Yonghe Dist., New Taipei City Taiwán, R.O.C",234,16:30-02:30,,121.51177,25.01068,09,,,11/6/2019 15:50
E3_382000000A_208291,Original Flavor Sesame Chicken,"If you were to compare all the fine snack foods of Sanchong, no doubtthe sesame oil chicken would be on the top of the list. Original Flavor Sesame Chicken are prepared every afternoon, but it isn’t merely the freshness that wins favor, but also the price, which is more reasonable than similar shops.",886-9-28622666,"No. 56-3 Zhongyang North Road, Sanchong District, Taipei County, Sanchong Dist., New Taipei City Taiwán, R.O.C",241,17：00∼24：00  (Non scheduled closed),,121.50048,25.06538,09,,,9/11/2019 16:33
E3_382000000A_208364,Taishan Li’s pepper pie shop,"The shop is very small with only 6-7 square meters. The two big jars for baking the pepper pie are made by hand by the boss himself with volcanic earth. The pepper pie has a taste of crisp, but is not greasy with very thin skin and big meat stuffing. The stuffing is made of pig’s fresh rear leg meat plus green onion, pepper and fragrance made by private secrete formula.","886-2-22971722,886937817719","No.216, Sec. 2, Tailin Rd., ,  243, Taiwan, Taishan Dist., New Taipei City Taiwán, R.O.C",243,11:30-20:00 Closed on Sun.,,121.4328,25.0618,09,,,25/6/2018 10:33
E3_382000000A_208379,Jinshan Temple Gate Ice City,"The owner has worked very hard to develop new products. He is concerned about the selection of ingredients and believes in the business principle of making and selling fresh items. There are dozens of ice dishes, among which the ""fluffy ice"" is most loved by customers.",886-2-24987331,"No.94, jinbauli St., ,  208,Taiwan, Jinshan Dist., New Taipei City Taiwán, R.O.C",208,Mon. - Fri. 10:00-18:00 /  Weekend10:00~20:00,,121.63852,25.22182,09,,,9/11/2019 16:22
E3_382000000A_208807,Yongbo Garbage Noodles,"One of the most unusual places to eat in Yingge is at an inexpensive restaurant well-known among locals, Yongbo Garbage Noodles. The strange name of these noodles comes from the turbid nature of the soup base, which is made by simmering pork bone and then adding a special spicy oil.",886-2-86776000,"No. 157, Zhongzheng First Road, Yingge District, , Yingge Dist., New Taipei City Taiwán, R.O.C",239,16:00 - 01:30,,121.35254,24.95639,09,,,25/7/2020 15:08
E3_382000000A_208277,Sanzhi Happy Pig Bakery,"In the bakery are many pig decoraions, even the exterior of the counter hasconcrete pig botoms. The bakery uses imported cream, cheese, buter, and ﬂourto make breads and cakes with a true sense of happiness.",886-2-86353045,"No.27, Puwei, ,  252, Taiwan, Sanzhi Dist., New Taipei City Taiwán, R.O.C",252,Apr. - Sep. 11:00~19:00； Oct.- Mar. 11:00~18:00 closed on Mon.,,121.50258,25.24023,09,,,30/5/2022 13:57
E3_382000000A_208321,Chen’s Tofu Dessert,"The tofu desserts here use Wang’s Tofu as the main ingredient, which include products such as tofu ice cream, tofu cake, tofu cheese, and tofu pudding. Various fragrant and delicious tofu desserts can be found here.：",886-2-26632555,"Mon. ~ Fri. 10:00-17:00 /Weekend 09:30-18:30, Shiding Dist., New Taipei City Taiwán, R.O.C",223,Mon-Fri 10:00-16:00 Sat-Sun 09:00-18:30,,121.66031,24.99094,09,,,25/7/2020 12:00
E3_382000000A_208337,Tea Country Garden,"This place offers many kinds of tea snacks, and this is also Pinglin’s biggest tea snack shop that produces items such as tea egg rolls, teacakes, square tea biscuits, tea cakes, and tea candies.Tea Leaf Egg RollsCooking in Pinglin often involves infusing traditional dishes with local tea, which makes the food particularly popular among tourists who want to try something new.","886-2-26656567,886226658111","No. 90, Shuiliujiao Rd., ,  232, Taiwan, Pinglin Dist., New Taipei City Taiwán, R.O.C",232,9:00~21:00,,121.70889,24.93505,09,,,25/7/2020 12:02
E3_382000000A_208346,Tofu Ice Cream,"Dexing Residence is the inventor of tofu ice cream. With a slight touch of scorching aroma, tofu ice cream is creamy and smooth. It comes with a variety of ﬂavors, while tofu, caramel and sesame are more popular. The comic books and postcards drawn by Teacher Yen Song-Tao are also available for sale.",886-2-26644525,"No.48, Shenkeng St., ,  222, Taiwan, Shenkeng Dist., New Taipei City Taiwán, R.O.C",222,Mon-Fri 11:00-18:00  Sat-Sun 10:00-21:00,,121.61491,25.00172,09,,,7/10/2021 11:43
E3_382000000A_208339,Shunyi Tea House,Famous for the specially made tea dishes. Their tea oil noodle has a light teafragrance that spreads in your mouth.,886-2-26658000,"No. 216, Sec. 8, Beiyi Rd., ,  232, Taiwan , Pinglin Dist., New Taipei City Taiwán, R.O.C",232,11:00 - 15:30、17:00–20:00 / Closed on Wednesday.,,121.70678,24.93455,09,,,25/7/2020 11:58
E3_382000000A_208617,Jiufen Zheng’s Traditional Fishballs,"Recommended Productstraditional fishball, cuttlefish ball, Fuzhou ball, braised pork rice, specialty dry noodlesZheng's Traditional Fishballs is located in the first half of Jishan Old Street, and has been established for more than a decade. The name of this restaurant demonstrates its confidence in their brand and quality.",886-2-24968469,"No.25, Jishan St., Rueifang Dist.,  22448, Taiwan, Ruifang Dist., New Taipei City Taiwán, R.O.C",224,Mon-Fri 10:00 - 19:00 Sat-Sun 10:00-20:00,,121.84553,25.10915,09,,,25/7/2020 11:56
E3_382000000A_208635,Mountain and Sea View Teahouse,"Recommended Productsscenic view, beverages, tea ceremony, set mealsThe Mountain and Sea View Teahouse resides in a yellow tiled three-story building near the rear of Jishan St. As the location happens to be where the Old Street takes a turn, with the Rear Viewing Platform, this teahouse has a better, non-obscured view than most.",886-2-24063069,"No. 150, Jishan St., ,  224, Taiwan, Ruifang Dist., New Taipei City Taiwán, R.O.C",224,9:00-18:00,,121.84334,25.10818,09,,,25/6/2018 11:00
E3_382000000A_208352,Xiong's baked roll and twisted cruller,"This shop is run by 3 generations in the past 75 years. The baked roll and twisted cruller have accompanied many people as they grow up. Thebaked roll, twisted cruller, bread twist and ""twins"" are most populaand attract a lot of customers.",886-2-22772807,"No.206, Xinzhuang Rd., ,  242, Taiwan, Xinzhuang Dist., New Taipei City Taiwán, R.O.C",242,06:30-10:30,,121.4536,25.03476,09,,,11/6/2019 16:01
E3_382000000A_208634,Miners Café & Restaurant,"Recommended Productsgold, miner’s boxed lunchDuring the Japanese occupation period, Jinguashi was a mining area under the management of a Japanese company, Kamaishi Mining and Iron Works.",886-2-24961820,"No.8-1, Jinguang Rd., ,  224, Taiwan, Ruifang Dist., New Taipei City Taiwán, R.O.C",224,09:00 - 17:00 / Weekend 09:00~18:00,,121.8562,25.10842,09,,,27/9/2021 16:26
E3_382000000A_208751,Hengxi Q Meatballs,"Sanxia is a town with a main street feel. As you leave the Sanxia Old Street area where most tourists gather, surrounding it are still many food stalls and eateries waiting for visitors to come have a taste. One of the best is Hengxi Q Meatballs, located on Minsheng Street. Its namesake dish features an outer skin that is chewy while its lean-meat filling has a stark aroma.","886-2-26725788,886920607345","No. 193 Minsheng Street; Sanxia District, , Sanxia Dist., New Taipei City Taiwán, R.O.C",237,09:30~19:00 closed on Tue.,,121.37203,24.93483,09,,,9/11/2019 16:31
E3_382000000A_208814,Fu-Guei-Tao-Yuan Art & Culture,"Just like the exhibition hall attached to it, the Fu-Guei restaurant uses valuable artistic pieces by well-known artists for its decorations and serving implements. When eating hot pot served with a dining set that costs over ten thousand Taiwan dollars, the beer- marinated chicken seems even more intoxicating.",886-2-26705250,"No. 96, Chongqing Street, Yingge District, , Yingge Dist., New Taipei City Taiwán, R.O.C",239,11:30 ~ 20:00 closed on the first and the third Tue. of the month,,121.34829,24.9523,09,,,27/9/2021 15:46
E3_382000000A_208278,Old Place,"Old Place is a very popular restaurant for street-food-type dishes in Sanzhi. The dumplings contain whole shrimp. The shrimp tastes fresh, and the broth is thick. Steamed meat balls from Chaozhou are soft, chewy, but not greasy, with lots of meat inside.",886-2-26367711,"No.21, Sec. 2, Danjin Rd., ,  252, Taiwan, Sanzhi Dist., New Taipei City Taiwán, R.O.C",252,11:00 ~21:00 closed on Mon.,,121.50281,25.2596,09,,,30/8/2018 17:55
E3_382000000A_208317,Big White Sand,"This restaurant provides Chinese stir-fry dishes and Western dishes. They also provide a very popular homemade taro dessert. The restaurant offers ice cream in the summer, and this wonderful gesture helps to cool the tourists.","886-2-26366760,886917384548","No.33-6, Xiayuankeng, ,  253, Taiwan, Shimen Dist., New Taipei City Taiwán, R.O.C",253,Mon. - Fri. 11:00-18:00  Weekend 11:00-19:00,,121.5195,25.2832,09,,,7/10/2021 11:41
E3_382000000A_208358,Lin Yi-He Hall healthy preserved fruit,"Chinese medicine is used to make all kinds of tasty healthy preserved fruits, such as olives and eight celestial fruit.","886-2-24931333,886928554218","No.3, Chang’an St., ,  227, Taiwan, Shuangxi Dist., New Taipei City Taiwán, R.O.C",227,Wed. - Sat 09:00-21:00 / Sun. 09:00-20:00,,121.8649,25.03477,09,,,7/10/2021 11:45
E3_382000000A_208359,Shuangxi Delicious Refreshment Room,"The most well-known bento (lunch box) store in Shuangxi. The smoked pig scalp is highly recommended. According to customers’ preferences, the dish can be prepared differently.",886-2-24932666,",  227, Taiwan, Shuangxi Dist., New Taipei City Taiwán, R.O.C",227,09:00-19:30 Closed on Fri. (Closed from Chinese New Year’s Eve to the fourth day of the lunar year ),,121.8661,25.03861,09,,,28/6/2018 17:00
E3_382000000A_208362,Hall of dragon and phoenix pie shop,"Reputed for more than 50 years, the Restaurant has kept sincerity and trust as its operation concepts and followed traditional pie-making process. Its main products are various exquisite pies such as engagement pie, celebration cake and birthday turtle cake, etc. Little Deng pie and Lijun pie, the double glory of Luzhou, are its famous products and have met with great favor.",886-2-22810601,"No.49, Zhongzheng Rd., ,  247, Taiwan, Luzhou Dist., New Taipei City Taiwán, R.O.C",247,08:00-22:00,,121.47093,25.08255,09,,,25/6/2018 10:35
E3_382000000A_208370,Sisters fritter,"The old store has a history of more than 30 years. Besides milk fritter,milk donut, Chinese steamed buns stuffed with pickled vegetable and taro pieetc. are also served. The fritters have crisp skin on the outside and tastes sift and chewing on the inside.",886-2-26193532,"No. 25,Duchuantou St., ,  249, Taiwan, Bali Dist., New Taipei City Taiwán, R.O.C",249,9:00 - sold out,,121.43508,25.15887,09,,,9/11/2019 16:35
E3_382000000A_208429,Ah Lan Herbal Glutinous Rice Cake,"When tourists visit Jiufen, not only do they want to try the taro balls, they will definitely want to queue up for Ah Lan's herbal glutinous rice cakes! These cakes are another type of delicious food item representative of Jiufen!","886-2-24975752,886224967795","No.90, Jishan St., , , Ruifang Dist., New Taipei City Taiwán, R.O.C",224,09:00 - 20:00,,121.84422,25.10869,09,,,25/7/2020 14:53
E3_382000000A_208614,Jiufen Teahouse,"Recommended Productstea, ceramics, painting, historical site, five tael cake, scenic viewThe owner of the Jiufen Teahouse, Zhi-Sheng Hong, came to Jiufen in the 1980s and purchased this old house in 1987. He has preserved most of the original structure, save for one major adjustment: the creation of an open inner courtyard for more natural lighting.","886-2-24969056,886224976487","No. 142, Jishan St., ,  224, Taiwan, Ruifang Dist., New Taipei City Taiwán, R.O.C",224,10:30 - 21:00,,121.84357,25.10819,09,,,21/2/2022 15:44
E3_382000000A_208755,Shanquanshui Handmade Bean Curd Tofu Pudding,"After a trip to the busy market on Sanxia’s Minsheng Street, nothing satisfies the thirsty and weary soul more than a bowl of handmade bean curd made from natural mountain spring water. At the Shanquanshui restaurant desser shop, the bean curd tofu pudding is meticulously prepared to give off a slight aroma that is revealed in the first bite and becomes stronger as one begins to savor th...",886-2-26721669,"No.149 Minsheng St., Sanxia  Dist.,  237, Taiwan, Sanxia Dist., New Taipei City Taiwán, R.O.C",237,09:00-22:00 closed on the first and the forth Tue. of the month,,121.37293,24.93486,09,,,25/6/2018 11:17
E3_382000000A_208828,Jiayi Honey Tea Goose,"There are many ways to cook goose, with each having its own enthusiasts. One of the more unique styles is Taishan’s honey tea goose. This stand carefully selects mature geese that weigh between 5 to 6 kilograms. After cooking the chef spreads on honey and homemade sauce, letting the flavors penetrate the meat before smoke-roasting the bird.",886-2-29004123,"Floor 2, No. 212, Chuanxing Road, Taishan District, , Taishan Dist., New Taipei City Taiwán, R.O.C",243,7:30-13:30 Closed on Mon.,,121.43364,25.05616,09,,,25/6/2018 10:32
E3_382000000A_208184,Youngdoor Cafe,"Can Northern Taiwan look like Greece? Along Provincial Highway No. 2, there is a very Greek-style small restaurant in blue and white with an ocean view called “Youngdoor  Café”. The layout of the cozy interior furnishing makes it comfortable to enjoy the scenic view. Many visitors choose this place to have afternoon tea, or a cup of coffee with some cake or waffles.",886-2-24082455,"29-1 Zhongyi Road, Jinshan District, , Jinshan Dist., New Taipei City Taiwán, R.O.C",208,Mon-Fri 10:30-18:30(Sat)09:30-22:00(Sun)09:30-21:00,,121.63086,25.26352,09,,,25/6/2018 10:55
E3_382000000A_208227,Yen Yi Te Xing,Special Recommendation: Tofu Ice Cream,886-2-26644525,"No.48, Shenkeng St.,  Shenkeng  Dist.,  New, Shenkeng Dist., New Taipei City Taiwán, R.O.C",222,Mon-Fri 11:00-19:00  Sat-Sun 10:00-21:00,,121.61491,25.00172,09,,,7/10/2021 10:55
E3_382000000A_208282,Smoked Restaurant,"Taste the pride of Bavaria in Taiwan! Many traditional German dishes are provided here, such as smoked pig’s feet, sausages, smoked poultry, cheese from the Alps, and world-famous HB Beer.",886-2-26368299,"No.27, Sec. 1, Zhongxing St., ,  252, Taiwan, Sanzhi Dist., New Taipei City Taiwán, R.O.C",252,11:30-19:30 Closed on Wed.,,121.49739,25.25825,09,,,11/6/2019 17:22
E3_382000000A_208299,Nanshihjiao Taiwan Chilled Doufu,"There is a stand that sells chilled doufu (bean curd) half-way in the night market. The purveyor is good with people and her shop selling the sweet desert has been open for many years. All the usual toppingshave been boiled and are ready to eat, but the most commonly ordered treats are peanut and mung bean.",886-2-29410589,"Alley 20, Lane 418, Jingxin Street, Zhonghe City, Taipei County, Zhonghe Dist., New Taipei City Taiwán, R.O.C",235,16:30-00:00 closed on Wed.,,121.51177,24.98987,09,,,27/9/2021 15:47
E3_382000000A_208366,Wugu old customer meat bals and oyster noodles,"Although the shop only sells noodles and meat balls, the boss, nevertheless, pays very much attention to the quality of his products. He makes a set quantity of meat balls everyday, and the sausages are made and sold out the same day. Since the materials are fresh without adding any chemicals and colors, the food is by no means harmful to your health.",886-2-22918819,"No.120, Sec. 1, Minyi Rd., ,  248, Taiwan, Wugu Dist., New Taipei City Taiwán, R.O.C",248,14:30–20:00 Closed on Mon.,,121.43487,25.08589,09,,,11/6/2019 16:05
E3_382000000A_208367,Five Stars pettitoes rice,"For more than 30 years, the restaurant has been known for its specialty, gravy pettitoes, made by inherited secrete formula. The cooking method pays special attention to whether the greasy and fishy smell is removed, and whether the gravy flavor has deeply penetrated into meat.",886-2-29843029,"No.119, Sec. 1, Ziqiang Rd., ,  241, Taiwan, Sanchong Dist., New Taipei City Taiwán, R.O.C",241,10:00-21:30 closed on Chinese New Year,,121.49546,25.06653,09,,,30/8/2018 17:56
E3_382000000A_208373,Master Liang's beef noodle and dumpling,"The soup of the famous beef noodle is made by beef cooked for a long time, and it also contains the gravy beef shank and hand made noodles, which makes it very chewy and delicious.",886-2-86302915,"No.572, Sec2, Zhongshan Rd., , New Taipei, Bali Dist., New Taipei City Taiwán, R.O.C",249,Mon. - Fri. 11:00 ~ 14:30 16:30~21:15；Sat. 11:00~21:15 Sun. off,,121.39699,25.14617,09,,,25/6/2018 10:39
E3_382000000A_208374,Badasang aboriginal restaurant,"Badasnag means face tottoo in the language of Taroko Tribe. The exterior of the building is make by natural materials and the food offered in the restaurant is mainly cooked in the aboriginal people's style, a good place to taste new flavours.",886-2-26105300,"No.111, Guanhai Blvd., Bail Dist.,  249, Taiwan, Bali Dist., New Taipei City Taiwán, R.O.C",249,11:30 - 14:00、17:00 - 21:00 / Weekend 11:30 - 22:00,,121.4257,25.16197,09,,,27/7/2022 14:31
E3_382000000A_208442,Bitou A-zhu Seafood Old Restaurant,"When driving towards Fulong or Yilan along the Coastal Highway, visors will see a huge signboard reading ""Bitou A-zhu Seafood Old Restaurant"" before entering the Bitou Cape Tunnel. This restaurant founded in 1986 is very famous among connoisseurs.",886-2-24911366,"No. 115 Bitou Road, Ruifang District, , Ruifang Dist., New Taipei City Taiwán, R.O.C",224,10:00-21:00,,121.9164,25.1227,09,,,25/6/2018 11:04
E3_382000000A_208478,Hot Oil Mochi,"40 years ago, Grandpa Mochi was not as old as now, so everyone in Rui Fang called him ""Uncle Mochi"". It was then that Uncle Mochi started his little hot oil mochi store, painstakingly selling the same dish. His mochi warmed the stomachs of many Rui Fang people; they also warmed many Rui Fang people's memories.",886-2-24977822,",  (No. 44 Store in Food Street), Ruifang Dist., New Taipei City Taiwán, R.O.C",224,9:00 - 20:00,,121.80581,25.10693,09,,,27/10/2021 14:20
E3_382000000A_208623,Lanxiang House,"Recommended ProductsWild Red-Core Native Guava, Golden Date, Red Cypress Essential OilPassing by Shanhaiguan Café, a magnificent view come into sight. While enjoying the wide and open scenery of Jiufen, visitors can smell a strong fruit fragrance.",886-2-24061470,"No. 173 Jishan Street, Ruifang District, , Ruifang Dist., New Taipei City Taiwán, R.O.C",224,09:00 - 19:00 / Weekend 09:00 - 19:00,,121.84322,25.10784,09,,,25/7/2020 14:57
E3_382000000A_208661,Taro Potato Teahouse,"Shopping DirectoryPayment Options： Cash,  Credit Card,  Other Information : Will accept foreign currencyRecommended Productsmeal, tea ceremony, dishes for sharing, Jiufen mountain view, antiques, wooden craftsThe Taro Potato Teahouse is located diagonally across from the Jiufen Business District Tourist Information Center on Shuqi Road.",886-2-24976314,"No.18, Shihsia Ln., Rueifang Dist.,  22448, Taiwan, Ruifang Dist., New Taipei City Taiwán, R.O.C",224,09:00 - 21:00 or 22:00,,121.84363,25.10898,09,,,28/10/2022 15:52
E3_382000000A_208786,Linyuan Jumbo Meatballs,"Quail’s Eegg, mushroom, and shredder bamboo shoots are mixed with top quality pork and then stuffed into a chewy, handmade wrapping. The finished meatball is topped off with a garlic sauce, completing this wonderful dish.",886-2-22727712,"No. 104, Fuzhong Road, Banqiao District, , Banqiao Dist., New Taipei City Taiwán, R.O.C",220,10:30-20:30,,121.45589,25.00961,09,,,30/8/2018 17:57
E3_382000000A_208810,Changying Meatballs,"Traditional Changhua meatballs are also available in Yingge! Hearty meat that borders on addicting is crammed into a chewy, springy dumpling wrapping, resulting in a meatball that is so filling, only one bowl is enough to satisfy your appetite. An important part of good meatballs is the sauce, and at this restaurant a homemade version combined with a small scoop of crushed garlic hits th...",886-2-26701841,"No. 35, Xingzheng Road, Yingge District, , Yingge Dist., New Taipei City Taiwán, R.O.C",239,10:30 - 19:30 closed on Tue.,,121.35205,24.95598,09,,,25/6/2018 11:23
E3_382000000A_402747,BestBrews,Meet up with friends or colleagues in the Bar for a refreshing beer from our international Best Brews™ collection.,886-2-77276988,"1st Floor, No. 1 Section, Wenhua 3rd Road, Linkou District, , Linkou Dist., New Taipei City Taiwán, R.O.C",244,17:30~00:00,,121.36088,25.06609,09,,,7/10/2021 19:53
E3_382000000A_403120,HASEGAWA CO.LTD,"Leader’s Brown Sugar bubble Tea is a gift box of Brown Sugar Pearl Milk Tea recommended by the most bloggers in 2020.Strictly selected several high-quality Assam black teas, paired with mochi tapioca .100% use Taiwan brown sugar, presenting a rich brown sugar aroma.Perfectly reproduce the deliciousness of Taiwanese hand-rolled bubble tea.Let you easily enjoy the fun of brown sugar pearl ...",886-2-29996958,"10F.-5, No. 14, Ln. 609, Sec. 5, Chongyang Rd., , , Sanchong Dist., New Taipei City Taiwán, R.O.C",241,See the official website or call the administrator for details.,,121.46704,25.04595,09,,,27/5/2022 17:58
E3_382000000A_208319,Sancai Lingzhi Mushroom Emperor Cuisine,"The broth is cooked for two days with precious deer horn , lingzhi mushrooms as well as 30 unique Chinese herbs. It is consumed with delicacies from the mountain, a meal suitable for all seasons.","886-2-26633995,886226638289","No.52-1, Shibachong Xi, ,  223, Taiwan (R.O.C.), Shiding Dist., New Taipei City Taiwán, R.O.C",223,9:00-20:00,,121.67503,25.01336,09,,,25/7/2020 14:50
E3_382000000A_208334,Xiangmao Candy Factory,"Pinglin’s only tea candy factory. Of the six or seven kinds already developed, Qingru tea candy is the most well-known. The reputation of tea nougat is also quite good, as it contains a rich and fragrant taste.",886-2-26656243,"No.91, Shuiliujiao Rd., ,  232, Taiwan, Pinglin Dist., New Taipei City Taiwán, R.O.C",232,08:00 - 17:00,,121.71195,24.93671,09,,,25/7/2020 15:04
E3_382000000A_208354,Su Yi Xing restaurant,"Deep fried pork and bean sheet shrimp rolls are the most popular dishes. The store owner used to be a singer; thus, sometimes customersmay enjoy music performance while savoring the Shuangxi delicacies.","886-2-24931027,886932009708","No.77, Zhonghua Rd., ,  227, Taiwan, Shuangxi Dist., New Taipei City Taiwán, R.O.C",227,11:30~14:00 17:00~19:30(Please contact us),,121.86573,25.03837,09,,,27/9/2021 14:56
E3_382000000A_208383,Jinshan Brothers Restaurant,"Brothers Restaurant, which is located next to Tzuhu Temple, is run by the three Kuo Brothers who use their outstanding cooking talent to make wonderful dishes. The pan-fried ribs which tastes crispy on the outside and soft on the isnide are the most popular dish.",886-2-24986458,"No.2, Jinbauli St., ,  208, Taiwan, Jinshan Dist., New Taipei City Taiwán, R.O.C",208,11:00-21:00,,121.6406,25.22057,09,,,25/7/2020 14:18
E3_382000000A_403030,The Dlcservice Cafe,"Located close to the Jing'an MRT Station, the ""Dlcservice cafe,"" which has a country-style decoration at the gate. Once you open the wooden door, the interior decoration gives people a very relaxing feel. There're small objects hanging on the walls, such as postcards and leather accessories. Exactly, it sells Japanese groceries. The decoration setting and the menu are usually changed eve...",886-2-89433173,"No.6, Ln. 167, Jing'an Road, , , Zhonghe Dist., New Taipei City Taiwán, R.O.C",235,12:00 - 21:00 / Weekend 11:00 - 21:00 / The shop is closed on Monday.,,121.50576,24.9945,09,,,25/7/2020 15:05
E3_382000000A_208171,Teng Feng Fishball Museum,"Lets Learn about All Sorts of FishballsTo help people understand the history of Tamsui fishballs, the Teng Feng Fishball Museum was erected. It is the first Fishball Museum in Taiwan. Although it is not very big, the museum shows in  detail  the  manufacturing process of fishballs. What kind of fish is suitable to make fishballs? What are the representative fishballs of every area?",886-2-26293312,"117 Zhongzheng Road, Tamsui District, , Tamsui Dist., New Taipei City Taiwán, R.O.C",251,10:00-21:00,,121.4397,25.16996,09,,,27/5/2022 17:57
E3_382000000A_208204,Yingge Crock Pot,Noodles in a crock pot ﬁrst appeared on Jianshanpu Road and they have since moved to the second ﬂoor food court in Pottery Building (Taoguan) on Chongcing Road. This is as close to a local delicacy as you can ﬁnd in Yingge and it is the perfect treat after exploring the shops on ﬁrst ﬂoor.,886-2-26784676,"No. 95 Chongcing Road, Yingge Township, Yingge Dist., New Taipei City Taiwán, R.O.C",239,Weekday 10:00∼16:30  Weekend 10:00~19:00,,121.34811,24.95223,09,,,25/6/2018 11:24
E3_382000000A_208217,Laoshu Restaurant,"The highly recommended restaurant by ""netizens"" does not have a menu. Customers order their food from suggestions given by the owner. Popular dishes include fish head  casserole, fried pork and rock shrimp. Visitors are advised to go to the restaurant in a group because it is easier to order different dishes, which are served in very generous portions.",886-2-26660570,"12, Lane 290, Section 3, Xinwu Road, Wulai District, , Xindian Dist., New Taipei City Taiwán, R.O.C",231,11:00-20:30,,121.55234,24.89824,09,,,25/6/2018 11:08
E3_382000000A_208262,Xindian-style Cuisine,Guangming Eat Street is located near Bitan. Up and down the road are snack shops. Half-way on the street is a shop that sells oily rice that just about every Xindian citizen recognizes as tasty. The flavorful Guangming brand-name sticky rice is slathered in oil and topped with dried fluffy pork and stirred with a sweet sauce.,886-2-29152773,"125 Guangming Street Xindian District, Taipei Coun, Xindian Dist., New Taipei City Taiwán, R.O.C",231,10:30-22:00 (Non scheduled closed),,121.53927,24.96179,09,,,28/6/2018 17:03
E3_382000000A_208269,Banqiao Shitou Meatball,"The skin is fried and the meatball has rich inner stuffing: stir-fried pork and bamboo, peanut powder, salad sauce, chili paste and juice made by the owner. Satisfying your stomach!",886-2-22512473,"No.11, Ln. 410, Sec. 2, Wenhua Rd., ,  220, Taiwan, Banqiao Dist., New Taipei City Taiwán, R.O.C",220,12:00~20:30 (Sun) Closing Days,,121.47444,25.03102,09,,,25/6/2018 10:55
E3_382000000A_208281,World Soy Milk King,"Yonghe-made soy milk is known throughout the isles of Taiwan, with World Soy Milk King has the leading business plan and the mostfame.World Soy Milk King is open 24 hours a day, offering Chinese-style breakfast throughout Taiwan with a twist.",886-2-89270000,"No. 284 Yonghe Road Section 2, Yonghe City, Taipei County, Yonghe Dist., New Taipei City Taiwán, R.O.C",234,24H,,121.51612,25.01549,09,,,5/12/2022 16:11
E3_382000000A_208303,Gaosyong (Kaohsiung) Black Wagon Wheels,"Black Wagon Wheels refers to a type of Taiwanese snack stand that carries a variety of steamed, boiled and grilled vegetables and meats. Among them are stuffed cabbage, black wagon wheels, and other kinds of boiled tempura-like vegetables just waiting there to tease the hunger of every customer to buy. The broth is made from shaved ﬁsh and large pieces of a large white carrot-like radish...",886-2-29296621,"No.16, Jhongsing St., ,  23445, Taiwan, Yonghe Dist., New Taipei City Taiwán, R.O.C",234,18:00-00:00(AM) (Closed from Chinese New Year’s Eve to the fourth day of the lunar year Closed on rainday,,121.51597,25.01174,09,,,25/7/2020 11:59
E3_382000000A_208313,Anna Cafe,The owner’s delicate handiwork is seen in the mulicolored windmills that spin with the wind. These handiworks sooth one’s heart. Coﬀee and scenery is a great combinaion.,886-2-26382722,"No.1-17, Zhongyang Rd., ,  253, Taiwan, Shimen Dist., New Taipei City Taiwán, R.O.C",253,11:00~18:00,,121.56124,25.29122,09,,,9/11/2019 16:36
E3_382000000A_208324,Mountaintop Shop of Salted Fried Pig’s Feet,"The ingredient of this dish is taken from Shiding’s black pig’s feet, the texture of which is tender and full of collagen. It is first brewed with soybean sauce, and then steamed to maintain the original juices o the meat. After that, it is fried to give the skin its crispy and yet not greasy taste.",886-2-26631309,"No.25, Fanzikeng, ,  223, Taiwan, Shiding Dist., New Taipei City Taiwán, R.O.C",223,11:00~19:00 (Wed) Closing Days,,121.6755,25.00246,09,,,8/6/2022 17:05
E3_382000000A_208347,Under the Old Tree,"Located at the entrance of the Old Street, it is one of the oldest tofu restaurants here. A table full of tofu dishes is very aﬀordable and gives a sense of happiness. Sinky Tofu with Pig Intesines and Duck Blood Cakes is the signature dish. It is stewed with a dozen of Chinese herbs for over two hours.",886-2-26625688,"No.163, Shenkeng St., ,  222, Taiwan, Shenkeng Dist., New Taipei City Taiwán, R.O.C",222,10:00~20:00 (Wed) Closing Days,,121.61266,25.00117,09,,,29/11/2021 14:20
E3_382000000A_208350,Lin's mushroom meat sauce,"The sauce is made of pig's fresh hindquarter meat. The meat is pickled, wrapped with a layer of sweet potato starch, and then put into pot to boil. So the gravy is fresh and the meat is tender.",886-2-22763647,"No.344, Xinzhuang Rd., ,  242, Taiwan, Xinzhuang Dist., New Taipei City Taiwán, R.O.C",242,10:00 - 23:00,,121.44997,25.0338,09,,,25/7/2020 15:08
E3_382000000A_208365,Linkou Power Plant popsicles,"The traditional popsicles are sold in Linkou Power Plant with many different flavors, such as rice cake, red bean, taro, Luoshen flower and milk, etc. There is a variety of flavors for choice, all cool to the heart. Many people come from very far places for group purchase. A box contains 60 ice-suckers, but you had better prepare an ice box for the sake of environmental protection.",886-2-26062221,"No.139, Xiafu, ,  244, Taiwan, Linkou Dist., New Taipei City Taiwán, R.O.C",244,open on May~Oct. 9:00~18:00,,121.38797,25.08599,09,,,27/9/2021 13:35
E3_382000000A_208378,Jinshan Kuo's Almond Cookies Shop,"Completely handmade, this cookie shop provides pan-fried peanuts, almonds, sesame, pumpkin candy, coriander rolls, and nougat candy, all of which are all fresh without preservatives.",886-2-24985749,"No. 77, jinbauli St., ,  208, Taiwan, Jinshan Dist., New Taipei City Taiwán, R.O.C",208,10:30-19:00,,121.63815,25.22191,09,,,9/11/2019 16:21
E3_382000000A_208430,Amei Teahouse,"The Amei Teahouse is located on Shuqi Road. Its strong Japanese architectural style makes it very eye-catching. In particular, when it is rumored that the teahouse looks like the building of Yubaba in the animated picture Spirited Away of Hayao Miyazak, more and more people want to find out the truth about it.",886-2-24960833,"No. 20, Shixa Lane, Ruifang District, , Ruifang Dist., New Taipei City Taiwán, R.O.C",224,Sun. ~ Tue. 08:30-23:00 / Fri. ~ Sat. 08:30-01:00,,121.84361,25.10895,09,,,27/9/2021 13:27
E3_382000000A_208584,Jiufen Jinzhi Hongzao Rouyuan,"Recommended Productsred vinasse rouyuan, vegetarian red vinasse rouyuanOne of the most famous snacks in Jiufen is red vinasse rouyuan. This is a rouyuan containing chunks of meat marinated and fermented with red vinasse. Jiufen Jinzhi Hongzao Rouyuan is an important reason why red vinasse rouyuan has become so well-known in the Jiufen region.",886-2-24960240,"No. 112 (with meat), No. 63 (vegetarian), Jishan St., , , Ruifang Dist., New Taipei City Taiwán, R.O.C",224,09:30 or10:00 - 19:30 / Wednesday 09:30 or 10:00 - 20:00,,121.84379,25.10855,09,,,25/7/2020 14:53
E3_382000000A_208611,Jiufen Old Noodle Restaurant,"Recommended Productsbeef noodles, wonton noodles, peanut ice creamThe Jiufen Old Noodle Restaurant was established in 1958 Currently, Mr. Shi is the second generation owner. Although it was not the first noodle restaurant ever in the Jiufen region, it was the first to ever serve beef noodles.",886-2-24976316,"No. 45, Jishan St., , , Ruifang Dist., New Taipei City Taiwán, R.O.C",224,11:00-19:00,,121.84542,25.10883,09,,,25/6/2018 10:59
E3_382000000A_208775,Rice with Turkey,Huixiang Chiayi Rice with Turkey is different from the shredded turkey rice one usually sees at street stalls because this restaurant cuts the meat into larger chunks to make it more firm and chewy. Homemade sauce is added for an authentic southern taste.,886-2-82612680,"No. 264, Section 2, Zhongyang Road, Tucheng District, , Tucheng Dist., New Taipei City Taiwán, R.O.C",236,11:00-20:30(Closed on Sat. Closed from Chinese New Year’s Eve to the fifth day of the lunar year),,121.44152,24.97445,09,,,25/7/2020 12:03
E3_382000000A_403031,Liu Biju Chaozhou Casserole Porridge,"There're many different methods to cook porridge; Guangdong porridge and Taiwanese salty congee are the common cuisines for general customers. In recent years, the casserole porridge becomes popular in Banqiao due to the use of Taitung Guanshan Emperor Rice as the main ingredient; particularly, not until the guests make an order, the rice won't be put into the casserole. The rice is cook...",886-2-29528813,"No. 3, Mingquan Rd., , , Banqiao Dist., New Taipei City Taiwán, R.O.C",220,11:00-14:00、17:00-23:00,,121.46294,25.00987,09,,,25/7/2020 14:21
E3_382000000A_208163,Minghong Clam Consommé,"Minghong Clam Consommé can be found at the corner of  Wun hua Road . Though a small shop selling only rice vermicelli and stewed pork sauce over rice, the eatery’s sizable sign with a big oyster picture on it  is  hard  to  miss.",886-9-32345925,"No.87-3, Wenhua N. Rd., ,  241, Taiwan (R.O.C.), Sanchong Dist., New Taipei City Taiwán, R.O.C",241,"15:00-24:00, Tuesday off.",,121.49827,25.06754,09,,,25/6/2018 10:25
E3_382000000A_208170,Granny’s Iron Eggs,"Dark Chewy Iron EggsWant to try some special iron eggs? Then you have to come to Tamsui for some of Granny’s iron eggs. Their creator, Granny Yang, ran a buffet and noodle shop. On one occasion she got too busy and over-marinated the eggs , and fortunately, customers could not get off enough. The eggs then became a hot selling item for the past 30 years.",886-2-26251625,"135-1 Zhongzheng Road, Tamsui District, , Tamsui Dist., New Taipei City Taiwán, R.O.C",251,09:00~21:00,,121.43919,25.17044,09,,,27/9/2021 15:31
E3_382000000A_208172,Granny’s Plum Juice,"When  it  gets  hot,  have  a  glass  of iced plum juice as it is the best way to quench your thirst. Granny's Plum Juice uses dried plums and they are marinated for three months. After  spice, perilla, rosella tea, and 17 other herbs are added, it is then brewed in a clay pot over a small fire and finally turns into a sweet and sour drink.",886-2-26290107,"135-2 Zhongzheng Road, Tamsui District, , Tamsui Dist., New Taipei City Taiwán, R.O.C",251,10:00-21:00,,121.43914,25.17041,09,,,11/6/2019 17:21
E3_382000000A_208173,Yeh’s Wonton Restaurant,"Jay Chou’s Favorite WontonThere  is  a  restaurant  in Tamsui  that  offers  a vermicelli  dish  that  is famous throughout China and  Hong  Kong — the ""Jay Chou Set"". This is Yeh’s Wonton Restaurant, famous for the thin layer and rich fillings of wontons served with omelet strips, laver and other veggies. The soup is refreshing, and the set comes with a tender marinated fried drumstick.",886-2-26217286,"177 Zhongzheng Road, Tamsui District, , Tamsui Dist., New Taipei City Taiwán, R.O.C",251,Mon. - Fri.10:00-20:30(14:00-16:30 closed)  Weekend 10:00-20:30,,121.43862,25.17124,09,,,28/9/2022 14:13
E3_382000000A_208195,Yannick Patisserie,"Media reports made the desert shop extremely popular,  and  many people have come to the café next to its factory in Wanli for some freshly baked desserts. It's a top pick for an enjoyable afternoon tea while you are in Wanli.","886-2-26596442,886287978994","127-5 Malian Road, Wanli District, , Wanli Dist., New Taipei City Taiwán, R.O.C",207,Mon. ~Thu. 10:00-21:00 / Fri. ~Sun. 10:00-21:00,,121.68891,25.1783,09,,,25/7/2020 14:18
E3_382000000A_208203,Haishan Bakery,"The Haishan Bakery is famous for its “Haishan Agar-Pudding Cake,” where the cake ingredients contain agar, flour and fresh eggs. The strong aromatic egg smell fills the small shop when the fresh cakes come out of the oven. The smooth texture will make one accidently eat the entire cake one bite after another. Persistent on adding no fragrances and seasonings, so that everybody loves it, ...",886-2-24931319,"N o. 2 , Zhonghua  Rd . , ,, Shuangxi Dist., New Taipei City Taiwán, R.O.C",227,08:00-20:00,,121.86586,25.03633,09,,,25/6/2018 11:06
E3_382000000A_208223,Wang’s Tofu,"Special Recommendations: Tofu Pudding, Roasted Tofu",886-2-26631976,"No.85, Shiding E. St., , , Shiding Dist., New Taipei City Taiwán, R.O.C",223,10:00~17:00 / Weekend 07:30-18:00 (The shop is closed on Monday.),,121.6602,24.99103,09,,,25/7/2020 14:50
E3_382000000A_208279,Yuelai Pavilion Restaurant,Yuelai pavilion restaurant provides various kinds of Taiwanese dishes and seafood dishes. Crispy fried ribs and curry taro balls are popular house dishes in the store.,886-2-26362072,"No.56, Sec. 1, Zhongshan Rd., ,  252, Taiwan, Sanzhi Dist., New Taipei City Taiwán, R.O.C",252,11:00~21:00 (Non scheduled closed),,121.50178,25.25681,09,,,28/6/2018 15:10
E3_382000000A_208290,Zengji Calamari Stew,"There are in particular two shops that sell Calamari Stew in Sanchong Night Market diagonally across the street Minghong Clam Consommé. The shop is larger thus easy to find. At the present address the owners have 30 years of experience selling the delicacy, along with rice vermicelli and stewed ground pork on rice.",886-2-29849338,"No 150 Wunhua North Road, Sanchong District, Taipei County, Sanchong Dist., New Taipei City Taiwán, R.O.C",241,Mon. - Sat. 10:30 ~ 24:30 Sun. 10:30~22:30,,121.49819,25.06717,09,,,25/6/2018 10:26
E3_382000000A_208335,Meichun Highway Hotel,"The hotel is next to the Pinglin gate. A simplistic restaurant without a setmenu, it oﬀers simple, family dishes. One can tell the owner the budget and preferred dishes, and she will make a whole table of delicious food.",886-2-26656370,"No.22, Sec. 8, Beiyi Rd., ,  232, Taiwan, Pinglin Dist., New Taipei City Taiwán, R.O.C",232,10:00~19:00 close on Mon.,,121.70316,24.93612,09,,,28/6/2018 13:20
E3_382000000A_208341,Lobster King,"Lobsters can be prepared in over a dozen ways, such as steam, with meso or wasabi, to give a few examples. Succulent abalones are also a delicacy not to be missed. Every dish can be customized in the store.",886-2-24901001,"No.186, Renhe Rd., ,  228, Taiwan, Gongliao Dist., New Taipei City Taiwán, R.O.C",228,11:00 - 20:30,,121.92349,25.05239,09,,,25/7/2020 15:02
E3_382000000A_208361,Tianding Soup Noodles,"Tianding Qiezai Noodle Restaurant, located in Miaokou business circle of Luzhou, is operated by its boss, Liao Tianding. It has a history of more than 30 years, and is one of very famous restaurants here. It has a very tall and big red sign discernible from very far. The noodle here will never be cooked too sot, and the noodle soup is always clear, fresh and sweet.",886-2-22882386,"No.22, Desheng St., ,  247, Taiwan, Luzhou Dist., New Taipei City Taiwán, R.O.C",247,Mon. ~ Fri. 8:00 - 23:00 / Weekend 07:00 - 23:00 / The shop is closed on Tuesday.(Closed on New Year's Eve to the sixth day.),,121.47389,25.08391,09,,,25/7/2020 15:09
E3_382000000A_208376,Deep-sea squid,"The golden fried big squid is crispy and served with special sauces, mayonnaise and mustard, with a topping of dried bonito flakes. It tastes light and not greasy at all.","886-9-87162654,886226104071","No 26, Duchuantou St., ,  249, Taiwan, Bali Dist., New Taipei City Taiwán, R.O.C",249,Mon. ~ Fri. 10:00 - 20:00 / Weekend 09:00 - 21:00 / The shop is closed on typhoon.,,121.43501,25.15857,09,,,27/9/2021 15:02
E3_382000000A_208381,Jinshan Changyi Pastries Shop,"Unlike the traditional tastes today, this shop provides a variety of Chinese sweets, curry meat pastries, sweetheart cakes, green bean moon cakes, black bean paste, and pineapple cakes for you to choose from.",886-2-24985110,"No.57, Jinbauli St. ,  208, Taiwan, Jinshan Dist., New Taipei City Taiwán, R.O.C",208,09:00-03:00,,121.63875,25.22156,09,,,27/5/2022 17:49
E3_382000000A_208456,European Country Café,"While this store's Chinese name conveys the atmosphere of a European residence in the countryside, the English name ""Babka"" is an honorific term for old ladies in Eastern Europe, who are often masters at making delicate desserts, cookies, and cakes.",886-2-24063458,"No. 177, Jishan St., ,  224, Taiwan, Ruifang Dist., New Taipei City Taiwán, R.O.C",224,09:00~18:00; Closed every fourth Monday of the month,,121.84325,25.10808,09,,,20/1/2017 7:39
E3_382000000A_208467,Gojinshan Peanut Brittle,"Peanuts were known to ancient people as the ""fruit of longevity"", which is a great indication of how rich they are in nutrients. In fact, peanuts contain more than just protein, fat, and carbohydrates. They also contain unsaturated fatty acids, amino acids, vitamin B1 and B2, beta carotene, niacin, and other nutrients.",886-2-24966632,"No.30, Jishan St., , , Ruifang Dist., New Taipei City Taiwán, R.O.C",224,09:00 - 18:00 / Weekend 09:00 - 20:00,,121.84511,25.10856,09,,,25/7/2020 14:54
E3_382000000A_208487,Hua Ji Dragon Phoenix Spring Roll,"Recommended ProductsDragon Phoenix Spring Roll, Glutinous Rice SausageHave you been asked what is the most difficult thing when trying to preserve authentic flavors? Some people may say it is the pickiness of customers, some may say it will depend on the determination and dedication of the cook.",886-9-28251617,"Minsheng St. Entrance, , , Ruifang Dist., New Taipei City Taiwán, R.O.C",224,08:30 - 22:30 / The shop is closed on Wednesday.,,121.80595,25.10742,09,,,25/7/2020 14:55
E3_382000000A_208494,Hereditary A-Mang’s Sweet Taro Balls,"Not far from the entrance of Jishan Old Street (Jiudaokou) is a small signs which says ""Hereditary A-Mang's Sweet Taro Balls"". This tiny shop, which seats only about a dozen, played a major role in how the sweet taro ball came to be known as a renowned Jiufen snack.Hereditary A-Mang's Sweet Taro Balls is one of the three oldest sweet taro ball shops in Jiufen.",886-2-24971572,"No. 41-2, Jishan St., ,  224, Taiwan, Ruifang Dist., New Taipei City Taiwán, R.O.C",224,13:00~ 20:00,,121.84553,25.10898,09,,,9/11/2019 16:26
E3_382000000A_208629,A City of Sadness,"Recommended ProductsOld fashioned rice with pork fat, Taiwanese family style stir-fry, economical a la carte, Western set meal, coffeeThe film ""A City of Sadness"" promoted the beauty of Jiufen globally; hence for a long time, Jiufen and the City of Sadness were virtually synonymous.",886-2-24960852,"2F, No.35, Shuqi Rd., , , Ruifang Dist., New Taipei City Taiwán, R.O.C",224,10:00 - 22:00,,121.84352,25.10855,09,,,25/7/2020 14:54
E3_382000000A_208631,LiYi Cake Store,"Recommended ProductsButter sun cake, pineapple cake, curry cake , taro cakePineapple cakes are one of the most renowned and representative snacks in Taiwan. Now only are they well-liked by all ages, in recent years they have become the top gift choice for those traveling abroad.",886-2-24965628,"No.18, Qiche Rd., , , Ruifang Dist., New Taipei City Taiwán, R.O.C",224,09:00 - 19:30,,121.84415,25.10996,09,,,25/7/2020 14:52
E3_382000000A_208753,Shijiang Wenzhou Wontons,"Stalls and small restaurants serving many of Taiwan’s favorite snacks have converged around Sanxia Old Street, meaning you can find almost anything you desire, including beloved wontons. Shijiang Wenzhou Wontons is located on Wenhua Road and serves affordable wontons that are about half the size of a fist. Only top ingredients are used so when you bite in, you get a huge taste of meat.",886-2-26725333,"No. 58 Wenhua Road; Sanxia District, , Sanxia Dist., New Taipei City Taiwán, R.O.C",237,11:00 - 22:00,,121.37065,24.93627,09,,,25/7/2020 15:05
E3_382000000A_208796,Kueishan Power Station Popsicles,"Kueishan Power Station Ice Pops is a popsicle store located in the water conservation area of the Feitsui Reservoir. Its popsicles attract many tourists who visit just for the sake of having this traditional treat. There are many flavors to try, including pineapple, peanut, milk, and red bean, and their low cost means you can keep coming back for more of this cool, refreshing snack.",886-2-26667223,"No. 37 Guishan Road, Xindian District, , Xindian Dist., New Taipei City Taiwán, R.O.C",231,09:00-18:00,,121.55776,24.90342,09,,,25/7/2020 15:03
E3_382000000A_208811,Traditional Pork Chop and Rice,"Many great foods line Yingge Old Street, such as traditional tofu pudding. But if you are looking for something to fill you up at lunch, one of your best options is at a restaurant serving traditional pork chop and rice. Here the flour added when making the fried pork chop is the perfect amount, creating a crisp exterior to go with the tender meat inside.",886-2-26777617,"No.85, Yuying St., ,  239, Taiwan, Yingge Dist., New Taipei City Taiwán, R.O.C",239,11:00~19:30 closed on Tue.,,121.34735,24.9516,09,,,27/9/2021 13:40
E3_382000000A_208812,Yingge Oyster Vermicelli,"Yingge is a place known for being humble, a characteristic reflected in its cuisine. Nearly everywhere you look you can find somewhere serving inexpensive, excellent meals, one example of which is a place simply called Yingge Oyster Vermicelli. When you order these noodles the first thing you notice is that the chef crams lots of ingredients into a small bowl.",886-2-26781891,"No. 91, Zhongzheng First Road, Yingge District, , Yingge Dist., New Taipei City Taiwán, R.O.C",239,07:00~19:00 closed on Tue.,,121.3522,24.95496,09,,,8/6/2022 17:13
E3_382000000A_402749,The Eatery,"Enjoy simple and delicious everyday comfort food at our all-day dining restaurant.  We serve up all the local specialty dishes, a range of popular international choices and a tempting dessert selection.",886-2-77276988,"1st Floor, No. 1 Section, Wenhua 3rd Road, Linkou District, , Linkou Dist., New Taipei City Taiwán, R.O.C",244,06:30–10:00 / 11:30–20:30,,121.36088,25.06609,09,,,7/10/2021 19:54
E3_382000000A_402994,Ruifang Food Court,"Ruifang Food Court is situated across from Ruifang Train Station; located in a traffic hub, it is close to the historical Ruifang Old Street and is a major tourist attraction. The Food Court has been established for more than five decades and has been transformed from a traditional wet market to today’s renowned Food Court. If you are looking for the most authentic Ruifang street eats, y...",886-2-24965670,"No. 2, Lane, 35, Minsheng St., Ruifang District, , Ruifang Dist., New Taipei City Taiwán, R.O.C",224,06:00 - 23:00; Closed four days a year (disinfection days),,121.80572,25.10699,09,,,29/11/2021 14:09
E3_382000000A_402995,Misty Cake,"Brand Story: Jinguashih in Ruifang was once a major gold mining town. At that time, impoverished miners would have sweet potatoes as the main food to satisfy their hunger. Over the years, the plain and pure flavor has slowly been forgotten by most people. As an effort to rediscover that authentic texture, Misty Cake is borrowing the old-time cooking method and using a puff pastry to wrap...",886-2-24976296,"No. 6-1, Sec. 1, Mingdeng Rd., Ruifang District, , Ruifang Dist., New Taipei City Taiwán, R.O.C",224,09:30 - 18:30,,121.82326,25.10749,09,,,25/7/2020 14:52
